id;org:resource;concept:name;time:timestamp;org:role;case:id;case:concept:name;case:BudgetNumber;case:DeclarationNumber;case:Amount;start_timestamp;year;start_year;trace;cluster
st_step 88073_0;STAFF MEMBER;Declaration SUBMITTED by EMPLOYEE;2017-01-31 22:26:54+00:00;EMPLOYEE;declaration 88072;declaration 88072;budget 86566;UNKNOWN;0.0;2017-01-31 22:26:54+00:00;2017;2017;Declaration SUBMITTED by EMPLOYEE;1
st_step 88074_0;STAFF MEMBER;Declaration REJECTED by SUPERVISOR;2017-01-31 22:30:15+00:00;SUPERVISOR;declaration 88072;declaration 88072;budget 86566;UNKNOWN;0.0;2017-01-31 22:30:15+00:00;2017;2017;Declaration REJECTED by SUPERVISOR;1
st_step 88075_0;STAFF MEMBER;Declaration REJECTED by EMPLOYEE;2017-02-01 10:43:25+00:00;EMPLOYEE;declaration 88072;declaration 88072;budget 86566;UNKNOWN;0.0;2017-02-01 10:43:25+00:00;2017;2017;Declaration REJECTED by EMPLOYEE;1
st_step 88727_0;STAFF MEMBER;Declaration SUBMITTED by EMPLOYEE;2017-02-05 22:55:36+00:00;EMPLOYEE;declaration 88726;declaration 88726;budget 86566;UNKNOWN;0.0;2017-02-05 22:55:36+00:00;2017;2017;Declaration SUBMITTED by EMPLOYEE;1
st_step 88728_0;STAFF MEMBER;Declaration REJECTED by SUPERVISOR;2017-02-05 22:56:01+00:00;SUPERVISOR;declaration 88726;declaration 88726;budget 86566;UNKNOWN;0.0;2017-02-05 22:56:01+00:00;2017;2017;Declaration REJECTED by SUPERVISOR;1
st_step 88729_0;STAFF MEMBER;Declaration REJECTED by EMPLOYEE;2017-02-06 12:28:55+00:00;EMPLOYEE;declaration 88726;declaration 88726;budget 86566;UNKNOWN;0.0;2017-02-06 12:28:55+00:00;2017;2017;Declaration REJECTED by EMPLOYEE;1
st_step 90296_0;STAFF MEMBER;Declaration SUBMITTED by EMPLOYEE;2017-05-09 08:21:10+00:00;EMPLOYEE;declaration 90290;declaration 90290;budget 86566;UNKNOWN;0.0;2017-05-09 08:21:10+00:00;2017;2017;Declaration SUBMITTED by EMPLOYEE;1
st_step 90295_0;STAFF MEMBER;Declaration REJECTED by SUPERVISOR;2017-05-09 08:21:21+00:00;SUPERVISOR;declaration 90290;declaration 90290;budget 86566;UNKNOWN;0.0;2017-05-09 08:21:21+00:00;2017;2017;Declaration REJECTED by SUPERVISOR;1
st_step 90294_0;STAFF MEMBER;Declaration REJECTED by EMPLOYEE;2017-05-09 11:17:50+00:00;EMPLOYEE;declaration 90290;declaration 90290;budget 86566;UNKNOWN;0.0;2017-05-09 11:17:50+00:00;2017;2017;Declaration REJECTED by EMPLOYEE;1
st_step 90291_0;STAFF MEMBER;Declaration SUBMITTED by EMPLOYEE;2017-05-09 13:04:12+00:00;EMPLOYEE;declaration 90290;declaration 90290;budget 86566;UNKNOWN;0.0;2017-05-09 13:04:12+00:00;2017;2017;Declaration SUBMITTED by EMPLOYEE;1
st_step 90293_0;STAFF MEMBER;Declaration REJECTED by SUPERVISOR;2017-05-09 13:04:16+00:00;SUPERVISOR;declaration 90290;declaration 90290;budget 86566;UNKNOWN;0.0;2017-05-09 13:04:16+00:00;2017;2017;Declaration REJECTED by SUPERVISOR;1
st_step 90292_0;STAFF MEMBER;Declaration REJECTED by EMPLOYEE;2017-05-09 14:44:20+00:00;EMPLOYEE;declaration 90290;declaration 90290;budget 86566;UNKNOWN;0.0;2017-05-09 14:44:20+00:00;2017;2017;Declaration REJECTED by EMPLOYEE;1
st_step 94111_0;STAFF MEMBER;Declaration SUBMITTED by EMPLOYEE;2017-05-15 11:55:58+00:00;EMPLOYEE;declaration 94110;declaration 94110;budget 86566;UNKNOWN;0.0;2017-05-15 11:55:58+00:00;2017;2017;Declaration SUBMITTED by EMPLOYEE;1
st_step 94112_0;STAFF MEMBER;Declaration REJECTED by SUPERVISOR;2017-05-15 11:56:08+00:00;SUPERVISOR;declaration 94110;declaration 94110;budget 86566;UNKNOWN;0.0;2017-05-15 11:56:08+00:00;2017;2017;Declaration REJECTED by SUPERVISOR;1
st_step 94113_0;STAFF MEMBER;Declaration REJECTED by EMPLOYEE;2017-05-15 15:30:37+00:00;EMPLOYEE;declaration 94110;declaration 94110;budget 86566;UNKNOWN;0.0;2017-05-15 15:30:37+00:00;2017;2017;Declaration REJECTED by EMPLOYEE;1
st_step 89042_0;STAFF MEMBER;Declaration SUBMITTED by EMPLOYEE;2017-06-30 10:42:34+00:00;EMPLOYEE;declaration 89041;declaration 89041;budget 86566;UNKNOWN;0.0;2017-06-30 10:42:34+00:00;2017;2017;Declaration SUBMITTED by EMPLOYEE;1
st_step 89043_0;STAFF MEMBER;Declaration REJECTED by SUPERVISOR;2017-06-30 10:42:54+00:00;SUPERVISOR;declaration 89041;declaration 89041;budget 86566;UNKNOWN;0.0;2017-06-30 10:42:54+00:00;2017;2017;Declaration REJECTED by SUPERVISOR;1
st_step 89044_0;STAFF MEMBER;Declaration REJECTED by EMPLOYEE;2017-07-05 18:09:49+00:00;EMPLOYEE;declaration 89041;declaration 89041;budget 86566;UNKNOWN;0.0;2017-07-05 18:09:49+00:00;2017;2017;Declaration REJECTED by EMPLOYEE;1
st_step 88811_0;STAFF MEMBER;Declaration SUBMITTED by EMPLOYEE;2017-09-04 10:12:43+00:00;EMPLOYEE;declaration 88810;declaration 88810;budget 86566;UNKNOWN;0.0;2017-09-04 10:12:43+00:00;2017;2017;Declaration SUBMITTED by EMPLOYEE;1
st_step 88813_0;STAFF MEMBER;Declaration REJECTED by SUPERVISOR;2017-09-04 10:12:53+00:00;SUPERVISOR;declaration 88810;declaration 88810;budget 86566;UNKNOWN;0.0;2017-09-04 10:12:53+00:00;2017;2017;Declaration REJECTED by SUPERVISOR;1
st_step 88812_0;STAFF MEMBER;Declaration REJECTED by EMPLOYEE;2017-09-05 10:32:33+00:00;EMPLOYEE;declaration 88810;declaration 88810;budget 86566;UNKNOWN;0.0;2017-09-05 10:32:33+00:00;2017;2017;Declaration REJECTED by EMPLOYEE;1
st_step 88820_0;STAFF MEMBER;Declaration SUBMITTED by EMPLOYEE;2017-09-04 11:10:32+00:00;EMPLOYEE;declaration 88818;declaration 88818;budget 86566;UNKNOWN;0.0;2017-09-04 11:10:32+00:00;2017;2017;Declaration SUBMITTED by EMPLOYEE;1
st_step 88821_0;STAFF MEMBER;Declaration REJECTED by SUPERVISOR;2017-09-04 11:21:19+00:00;SUPERVISOR;declaration 88818;declaration 88818;budget 86566;UNKNOWN;0.0;2017-09-04 11:21:19+00:00;2017;2017;Declaration REJECTED by SUPERVISOR;1
st_step 88819_0;STAFF MEMBER;Declaration REJECTED by EMPLOYEE;2017-09-05 10:28:56+00:00;EMPLOYEE;declaration 88818;declaration 88818;budget 86566;UNKNOWN;0.0;2017-09-05 10:28:56+00:00;2017;2017;Declaration REJECTED by EMPLOYEE;1
st_step 95729_0;STAFF MEMBER;Declaration SUBMITTED by EMPLOYEE;2017-09-06 16:55:36+00:00;EMPLOYEE;declaration 95727;declaration 95727;budget 86566;UNKNOWN;0.0;2017-09-06 16:55:36+00:00;2017;2017;Declaration SUBMITTED by EMPLOYEE;1
st_step 95730_0;STAFF MEMBER;Declaration REJECTED by SUPERVISOR;2017-09-06 16:55:40+00:00;SUPERVISOR;declaration 95727;declaration 95727;budget 86566;UNKNOWN;0.0;2017-09-06 16:55:40+00:00;2017;2017;Declaration REJECTED by SUPERVISOR;1
st_step 95728_0;STAFF MEMBER;Declaration REJECTED by EMPLOYEE;2017-09-08 14:03:44+00:00;EMPLOYEE;declaration 95727;declaration 95727;budget 86566;UNKNOWN;0.0;2017-09-08 14:03:44+00:00;2017;2017;Declaration REJECTED by EMPLOYEE;1
st_step 95969_0;STAFF MEMBER;Declaration SUBMITTED by EMPLOYEE;2017-09-28 09:57:57+00:00;EMPLOYEE;declaration 95966;declaration 95966;budget 86566;UNKNOWN;0.0;2017-09-28 09:57:57+00:00;2017;2017;Declaration SUBMITTED by EMPLOYEE;1
st_step 95967_0;STAFF MEMBER;Declaration REJECTED by SUPERVISOR;2017-09-28 09:59:55+00:00;SUPERVISOR;declaration 95966;declaration 95966;budget 86566;UNKNOWN;0.0;2017-09-28 09:59:55+00:00;2017;2017;Declaration REJECTED by SUPERVISOR;1
st_step 95968_0;STAFF MEMBER;Declaration REJECTED by EMPLOYEE;2017-09-29 11:13:32+00:00;EMPLOYEE;declaration 95966;declaration 95966;budget 86566;UNKNOWN;0.0;2017-09-29 11:13:32+00:00;2017;2017;Declaration REJECTED by EMPLOYEE;1
st_step 91834_0;STAFF MEMBER;Declaration SUBMITTED by EMPLOYEE;2017-11-20 13:58:14+00:00;EMPLOYEE;declaration 91831;declaration 91831;budget 86566;UNKNOWN;0.0;2017-11-20 13:58:14+00:00;2017;2017;Declaration SUBMITTED by EMPLOYEE;1
st_step 91832_0;STAFF MEMBER;Declaration REJECTED by SUPERVISOR;2017-11-20 13:58:16+00:00;SUPERVISOR;declaration 91831;declaration 91831;budget 86566;UNKNOWN;0.0;2017-11-20 13:58:16+00:00;2017;2017;Declaration REJECTED by SUPERVISOR;1
st_step 91833_0;STAFF MEMBER;Declaration REJECTED by EMPLOYEE;2017-11-20 15:10:53+00:00;EMPLOYEE;declaration 91831;declaration 91831;budget 86566;UNKNOWN;0.0;2017-11-20 15:10:53+00:00;2017;2017;Declaration REJECTED by EMPLOYEE;1
st_step 91268_0;STAFF MEMBER;Declaration SUBMITTED by EMPLOYEE;2017-12-06 14:27:10+00:00;EMPLOYEE;declaration 91262;declaration 91262;budget 86566;UNKNOWN;0.0;2017-12-06 14:27:10+00:00;2017;2017;Declaration SUBMITTED by EMPLOYEE;1
st_step 91267_0;STAFF MEMBER;Declaration REJECTED by SUPERVISOR;2017-12-06 14:27:13+00:00;SUPERVISOR;declaration 91262;declaration 91262;budget 86566;UNKNOWN;0.0;2017-12-06 14:27:13+00:00;2017;2017;Declaration REJECTED by SUPERVISOR;1
st_step 91266_0;STAFF MEMBER;Declaration REJECTED by EMPLOYEE;2017-12-07 08:36:36+00:00;EMPLOYEE;declaration 91262;declaration 91262;budget 86566;UNKNOWN;0.0;2017-12-07 08:36:36+00:00;2017;2017;Declaration REJECTED by EMPLOYEE;1
st_step 91264_0;STAFF MEMBER;Declaration SUBMITTED by EMPLOYEE;2017-12-08 09:07:14+00:00;EMPLOYEE;declaration 91262;declaration 91262;budget 86566;UNKNOWN;0.0;2017-12-08 09:07:14+00:00;2017;2017;Declaration SUBMITTED by EMPLOYEE;1
st_step 91265_0;STAFF MEMBER;Declaration REJECTED by SUPERVISOR;2017-12-08 09:09:35+00:00;SUPERVISOR;declaration 91262;declaration 91262;budget 86566;UNKNOWN;0.0;2017-12-08 09:09:35+00:00;2017;2017;Declaration REJECTED by SUPERVISOR;1
st_step 91263_0;STAFF MEMBER;Declaration REJECTED by EMPLOYEE;2018-01-06 09:27:13+00:00;EMPLOYEE;declaration 91262;declaration 91262;budget 86566;UNKNOWN;0.0;2018-01-06 09:27:13+00:00;2018;2017;Declaration REJECTED by EMPLOYEE;1
st_step 90528_0;STAFF MEMBER;Declaration SUBMITTED by EMPLOYEE;2017-12-06 14:37:50+00:00;EMPLOYEE;declaration 90523;declaration 90523;budget 86566;UNKNOWN;0.0;2017-12-06 14:37:50+00:00;2017;2017;Declaration SUBMITTED by EMPLOYEE;1
st_step 90527_0;STAFF MEMBER;Declaration REJECTED by SUPERVISOR;2017-12-06 14:37:55+00:00;SUPERVISOR;declaration 90523;declaration 90523;budget 86566;UNKNOWN;0.0;2017-12-06 14:37:55+00:00;2017;2017;Declaration REJECTED by SUPERVISOR;1
st_step 90529_0;STAFF MEMBER;Declaration REJECTED by EMPLOYEE;2017-12-07 08:35:37+00:00;EMPLOYEE;declaration 90523;declaration 90523;budget 86566;UNKNOWN;0.0;2017-12-07 08:35:37+00:00;2017;2017;Declaration REJECTED by EMPLOYEE;1
st_step 90524_0;STAFF MEMBER;Declaration SUBMITTED by EMPLOYEE;2017-12-08 09:11:32+00:00;EMPLOYEE;declaration 90523;declaration 90523;budget 86566;UNKNOWN;0.0;2017-12-08 09:11:32+00:00;2017;2017;Declaration SUBMITTED by EMPLOYEE;1
st_step 90525_0;STAFF MEMBER;Declaration REJECTED by SUPERVISOR;2017-12-08 09:15:15+00:00;SUPERVISOR;declaration 90523;declaration 90523;budget 86566;UNKNOWN;0.0;2017-12-08 09:15:15+00:00;2017;2017;Declaration REJECTED by SUPERVISOR;1
st_step 90526_0;STAFF MEMBER;Declaration REJECTED by EMPLOYEE;2018-01-06 09:27:13+00:00;EMPLOYEE;declaration 90523;declaration 90523;budget 86566;UNKNOWN;0.0;2018-01-06 09:27:13+00:00;2018;2017;Declaration REJECTED by EMPLOYEE;1
st_step 91993_0;STAFF MEMBER;Declaration SUBMITTED by EMPLOYEE;2017-12-06 15:08:45+00:00;EMPLOYEE;declaration 91987;declaration 91987;budget 86566;UNKNOWN;0.0;2017-12-06 15:08:45+00:00;2017;2017;Declaration SUBMITTED by EMPLOYEE;1
st_step 91991_0;STAFF MEMBER;Declaration REJECTED by SUPERVISOR;2017-12-06 15:08:48+00:00;SUPERVISOR;declaration 91987;declaration 91987;budget 86566;UNKNOWN;0.0;2017-12-06 15:08:48+00:00;2017;2017;Declaration REJECTED by SUPERVISOR;1
st_step 91992_0;STAFF MEMBER;Declaration REJECTED by EMPLOYEE;2017-12-07 08:33:44+00:00;EMPLOYEE;declaration 91987;declaration 91987;budget 86566;UNKNOWN;0.0;2017-12-07 08:33:44+00:00;2017;2017;Declaration REJECTED by EMPLOYEE;1
st_step 91990_0;STAFF MEMBER;Declaration SUBMITTED by EMPLOYEE;2017-12-08 09:43:31+00:00;EMPLOYEE;declaration 91987;declaration 91987;budget 86566;UNKNOWN;0.0;2017-12-08 09:43:31+00:00;2017;2017;Declaration SUBMITTED by EMPLOYEE;1
st_step 91989_0;STAFF MEMBER;Declaration REJECTED by SUPERVISOR;2017-12-08 10:01:49+00:00;SUPERVISOR;declaration 91987;declaration 91987;budget 86566;UNKNOWN;0.0;2017-12-08 10:01:49+00:00;2017;2017;Declaration REJECTED by SUPERVISOR;1
st_step 91988_0;STAFF MEMBER;Declaration REJECTED by EMPLOYEE;2017-12-20 08:28:06+00:00;EMPLOYEE;declaration 91987;declaration 91987;budget 86566;UNKNOWN;0.0;2017-12-20 08:28:06+00:00;2017;2017;Declaration REJECTED by EMPLOYEE;1
st_step 91005_0;STAFF MEMBER;Declaration SUBMITTED by EMPLOYEE;2017-12-06 15:29:29+00:00;EMPLOYEE;declaration 91001;declaration 91001;budget 86566;UNKNOWN;0.0;2017-12-06 15:29:29+00:00;2017;2017;Declaration SUBMITTED by EMPLOYEE;1
st_step 91006_0;STAFF MEMBER;Declaration REJECTED by SUPERVISOR;2017-12-06 15:29:42+00:00;SUPERVISOR;declaration 91001;declaration 91001;budget 86566;UNKNOWN;0.0;2017-12-06 15:29:42+00:00;2017;2017;Declaration REJECTED by SUPERVISOR;1
st_step 91007_0;STAFF MEMBER;Declaration REJECTED by EMPLOYEE;2017-12-07 08:32:43+00:00;EMPLOYEE;declaration 91001;declaration 91001;budget 86566;UNKNOWN;0.0;2017-12-07 08:32:43+00:00;2017;2017;Declaration REJECTED by EMPLOYEE;1
st_step 91002_0;STAFF MEMBER;Declaration SUBMITTED by EMPLOYEE;2017-12-08 10:24:21+00:00;EMPLOYEE;declaration 91001;declaration 91001;budget 86566;UNKNOWN;0.0;2017-12-08 10:24:21+00:00;2017;2017;Declaration SUBMITTED by EMPLOYEE;1
st_step 91004_0;STAFF MEMBER;Declaration REJECTED by SUPERVISOR;2017-12-08 10:24:26+00:00;SUPERVISOR;declaration 91001;declaration 91001;budget 86566;UNKNOWN;0.0;2017-12-08 10:24:26+00:00;2017;2017;Declaration REJECTED by SUPERVISOR;1
st_step 91003_0;STAFF MEMBER;Declaration REJECTED by EMPLOYEE;2017-12-20 08:27:05+00:00;EMPLOYEE;declaration 91001;declaration 91001;budget 86566;UNKNOWN;0.0;2017-12-20 08:27:05+00:00;2017;2017;Declaration REJECTED by EMPLOYEE;1
st_step 94303_0;STAFF MEMBER;Declaration SUBMITTED by EMPLOYEE;2017-12-06 16:14:25+00:00;EMPLOYEE;declaration 94298;declaration 94298;budget 86566;UNKNOWN;0.0;2017-12-06 16:14:25+00:00;2017;2017;Declaration SUBMITTED by EMPLOYEE;1
st_step 94304_0;STAFF MEMBER;Declaration REJECTED by SUPERVISOR;2017-12-06 16:15:18+00:00;SUPERVISOR;declaration 94298;declaration 94298;budget 86566;UNKNOWN;0.0;2017-12-06 16:15:18+00:00;2017;2017;Declaration REJECTED by SUPERVISOR;1
st_step 94302_0;STAFF MEMBER;Declaration REJECTED by EMPLOYEE;2017-12-07 08:31:58+00:00;EMPLOYEE;declaration 94298;declaration 94298;budget 86566;UNKNOWN;0.0;2017-12-07 08:31:58+00:00;2017;2017;Declaration REJECTED by EMPLOYEE;1
st_step 94300_0;STAFF MEMBER;Declaration SUBMITTED by EMPLOYEE;2017-12-08 11:00:17+00:00;EMPLOYEE;declaration 94298;declaration 94298;budget 86566;UNKNOWN;0.0;2017-12-08 11:00:17+00:00;2017;2017;Declaration SUBMITTED by EMPLOYEE;1
st_step 94299_0;STAFF MEMBER;Declaration REJECTED by SUPERVISOR;2017-12-08 11:00:21+00:00;SUPERVISOR;declaration 94298;declaration 94298;budget 86566;UNKNOWN;0.0;2017-12-08 11:00:21+00:00;2017;2017;Declaration REJECTED by SUPERVISOR;1
st_step 94301_0;STAFF MEMBER;Declaration REJECTED by EMPLOYEE;2017-12-20 08:24:52+00:00;EMPLOYEE;declaration 94298;declaration 94298;budget 86566;UNKNOWN;0.0;2017-12-20 08:24:52+00:00;2017;2017;Declaration REJECTED by EMPLOYEE;1
st_step 92802_0;STAFF MEMBER;Declaration SUBMITTED by EMPLOYEE;2017-12-08 10:28:17+00:00;EMPLOYEE;declaration 92799;declaration 92799;budget 86566;UNKNOWN;0.0;2017-12-08 10:28:17+00:00;2017;2017;Declaration SUBMITTED by EMPLOYEE;1
st_step 92800_0;STAFF MEMBER;Declaration REJECTED by SUPERVISOR;2017-12-08 10:31:06+00:00;SUPERVISOR;declaration 92799;declaration 92799;budget 86566;UNKNOWN;0.0;2017-12-08 10:31:06+00:00;2017;2017;Declaration REJECTED by SUPERVISOR;1
st_step 92801_0;STAFF MEMBER;Declaration REJECTED by EMPLOYEE;2018-01-06 09:27:14+00:00;EMPLOYEE;declaration 92799;declaration 92799;budget 86566;UNKNOWN;0.0;2018-01-06 09:27:14+00:00;2018;2017;Declaration REJECTED by EMPLOYEE;1
st_step 90686_0;STAFF MEMBER;Declaration SUBMITTED by EMPLOYEE;2017-12-08 10:31:52+00:00;EMPLOYEE;declaration 90685;declaration 90685;budget 86566;UNKNOWN;0.0;2017-12-08 10:31:52+00:00;2017;2017;Declaration SUBMITTED by EMPLOYEE;1
st_step 90687_0;STAFF MEMBER;Declaration REJECTED by SUPERVISOR;2017-12-08 10:32:57+00:00;SUPERVISOR;declaration 90685;declaration 90685;budget 86566;UNKNOWN;0.0;2017-12-08 10:32:57+00:00;2017;2017;Declaration REJECTED by SUPERVISOR;1
st_step 90688_0;STAFF MEMBER;Declaration REJECTED by EMPLOYEE;2018-01-06 09:27:12+00:00;EMPLOYEE;declaration 90685;declaration 90685;budget 86566;UNKNOWN;0.0;2018-01-06 09:27:12+00:00;2018;2017;Declaration REJECTED by EMPLOYEE;1
st_step 87446_0;STAFF MEMBER;Declaration SUBMITTED by EMPLOYEE;2017-12-08 10:34:06+00:00;EMPLOYEE;declaration 87443;declaration 87443;budget 86566;UNKNOWN;0.0;2017-12-08 10:34:06+00:00;2017;2017;Declaration SUBMITTED by EMPLOYEE;1
st_step 87444_0;STAFF MEMBER;Declaration REJECTED by SUPERVISOR;2017-12-08 10:35:36+00:00;SUPERVISOR;declaration 87443;declaration 87443;budget 86566;UNKNOWN;0.0;2017-12-08 10:35:36+00:00;2017;2017;Declaration REJECTED by SUPERVISOR;1
st_step 87445_0;STAFF MEMBER;Declaration REJECTED by EMPLOYEE;2018-01-06 09:27:13+00:00;EMPLOYEE;declaration 87443;declaration 87443;budget 86566;UNKNOWN;0.0;2018-01-06 09:27:13+00:00;2018;2017;Declaration REJECTED by EMPLOYEE;1
st_step 91279_0;STAFF MEMBER;Declaration SUBMITTED by EMPLOYEE;2017-12-08 10:36:13+00:00;EMPLOYEE;declaration 91278;declaration 91278;budget 86566;UNKNOWN;0.0;2017-12-08 10:36:13+00:00;2017;2017;Declaration SUBMITTED by EMPLOYEE;1
st_step 91281_0;STAFF MEMBER;Declaration REJECTED by SUPERVISOR;2017-12-08 10:37:25+00:00;SUPERVISOR;declaration 91278;declaration 91278;budget 86566;UNKNOWN;0.0;2017-12-08 10:37:25+00:00;2017;2017;Declaration REJECTED by SUPERVISOR;1
st_step 91280_0;STAFF MEMBER;Declaration REJECTED by EMPLOYEE;2017-12-20 08:31:00+00:00;EMPLOYEE;declaration 91278;declaration 91278;budget 86566;UNKNOWN;0.0;2017-12-20 08:31:00+00:00;2017;2017;Declaration REJECTED by EMPLOYEE;1
st_step 91445_0;STAFF MEMBER;Declaration SUBMITTED by EMPLOYEE;2017-12-08 10:37:04+00:00;EMPLOYEE;declaration 91442;declaration 91442;budget 86566;UNKNOWN;0.0;2017-12-08 10:37:04+00:00;2017;2017;Declaration SUBMITTED by EMPLOYEE;1
st_step 91443_0;STAFF MEMBER;Declaration REJECTED by SUPERVISOR;2017-12-08 11:11:20+00:00;SUPERVISOR;declaration 91442;declaration 91442;budget 86566;UNKNOWN;0.0;2017-12-08 11:11:20+00:00;2017;2017;Declaration REJECTED by SUPERVISOR;1
st_step 91444_0;STAFF MEMBER;Declaration REJECTED by EMPLOYEE;2017-12-08 15:24:04+00:00;EMPLOYEE;declaration 91442;declaration 91442;budget 86566;UNKNOWN;0.0;2017-12-08 15:24:04+00:00;2017;2017;Declaration REJECTED by EMPLOYEE;1
st_step 91447_0;STAFF MEMBER;Declaration SUBMITTED by EMPLOYEE;2017-12-08 11:01:16+00:00;EMPLOYEE;declaration 91446;declaration 91446;budget 86566;UNKNOWN;0.0;2017-12-08 11:01:16+00:00;2017;2017;Declaration SUBMITTED by EMPLOYEE;1
st_step 91449_0;STAFF MEMBER;Declaration REJECTED by SUPERVISOR;2017-12-08 11:11:20+00:00;SUPERVISOR;declaration 91446;declaration 91446;budget 86566;UNKNOWN;0.0;2017-12-08 11:11:20+00:00;2017;2017;Declaration REJECTED by SUPERVISOR;1
st_step 91448_0;STAFF MEMBER;Declaration REJECTED by EMPLOYEE;2017-12-20 08:26:22+00:00;EMPLOYEE;declaration 91446;declaration 91446;budget 86566;UNKNOWN;0.0;2017-12-20 08:26:22+00:00;2017;2017;Declaration REJECTED by EMPLOYEE;1
st_step 90540_0;STAFF MEMBER;Declaration SUBMITTED by EMPLOYEE;2017-12-08 15:50:08+00:00;EMPLOYEE;declaration 90538;declaration 90538;budget 86566;UNKNOWN;0.0;2017-12-08 15:50:08+00:00;2017;2017;Declaration SUBMITTED by EMPLOYEE;1
st_step 90541_0;STAFF MEMBER;Declaration REJECTED by SUPERVISOR;2017-12-08 15:50:18+00:00;SUPERVISOR;declaration 90538;declaration 90538;budget 86566;UNKNOWN;0.0;2017-12-08 15:50:18+00:00;2017;2017;Declaration REJECTED by SUPERVISOR;1
st_step 90539_0;STAFF MEMBER;Declaration REJECTED by EMPLOYEE;2017-12-20 08:22:15+00:00;EMPLOYEE;declaration 90538;declaration 90538;budget 86566;UNKNOWN;0.0;2017-12-20 08:22:15+00:00;2017;2017;Declaration REJECTED by EMPLOYEE;1
st_step 87694_0;STAFF MEMBER;Declaration SUBMITTED by EMPLOYEE;2017-12-12 20:38:12+00:00;EMPLOYEE;declaration 87693;declaration 87693;budget 86566;UNKNOWN;0.0;2017-12-12 20:38:12+00:00;2017;2017;Declaration SUBMITTED by EMPLOYEE;1
st_step 87695_0;STAFF MEMBER;Declaration REJECTED by SUPERVISOR;2017-12-12 20:38:54+00:00;SUPERVISOR;declaration 87693;declaration 87693;budget 86566;UNKNOWN;0.0;2017-12-12 20:38:54+00:00;2017;2017;Declaration REJECTED by SUPERVISOR;1
st_step 87696_0;STAFF MEMBER;Declaration REJECTED by EMPLOYEE;2017-12-14 09:00:53+00:00;EMPLOYEE;declaration 87693;declaration 87693;budget 86566;UNKNOWN;0.0;2017-12-14 09:00:53+00:00;2017;2017;Declaration REJECTED by EMPLOYEE;1
st_step 87707_0;STAFF MEMBER;Declaration SUBMITTED by EMPLOYEE;2017-12-13 20:33:56+00:00;EMPLOYEE;declaration 87705;declaration 87705;budget 86566;UNKNOWN;0.0;2017-12-13 20:33:56+00:00;2017;2017;Declaration SUBMITTED by EMPLOYEE;1
st_step 87708_0;STAFF MEMBER;Declaration REJECTED by SUPERVISOR;2017-12-13 20:34:05+00:00;SUPERVISOR;declaration 87705;declaration 87705;budget 86566;UNKNOWN;0.0;2017-12-13 20:34:05+00:00;2017;2017;Declaration REJECTED by SUPERVISOR;1
st_step 87706_0;STAFF MEMBER;Declaration REJECTED by EMPLOYEE;2017-12-14 09:01:53+00:00;EMPLOYEE;declaration 87705;declaration 87705;budget 86566;UNKNOWN;0.0;2017-12-14 09:01:53+00:00;2017;2017;Declaration REJECTED by EMPLOYEE;1
st_step 100440_0;STAFF MEMBER;Declaration SUBMITTED by EMPLOYEE;2018-01-16 13:39:24+00:00;EMPLOYEE;declaration 100433;declaration 100433;budget 86566;UNKNOWN;0.0;2018-01-16 13:39:24+00:00;2018;2018;Declaration SUBMITTED by EMPLOYEE;1
st_step 100439_0;STAFF MEMBER;Declaration REJECTED by ADMINISTRATION;2018-01-16 13:59:01+00:00;ADMINISTRATION;declaration 100433;declaration 100433;budget 86566;UNKNOWN;0.0;2018-01-16 13:59:01+00:00;2018;2018;Declaration REJECTED by ADMINISTRATION;1
st_step 100438_0;STAFF MEMBER;Declaration REJECTED by EMPLOYEE;2018-01-24 14:12:58+00:00;EMPLOYEE;declaration 100433;declaration 100433;budget 86566;UNKNOWN;0.0;2018-01-24 14:12:58+00:00;2018;2018;Declaration REJECTED by EMPLOYEE;1
st_step 100437_0;STAFF MEMBER;Declaration SUBMITTED by EMPLOYEE;2018-01-24 15:13:33+00:00;EMPLOYEE;declaration 100433;declaration 100433;budget 86566;UNKNOWN;0.0;2018-01-24 15:13:33+00:00;2018;2018;Declaration SUBMITTED by EMPLOYEE;1
st_step 100435_0;STAFF MEMBER;Declaration APPROVED by ADMINISTRATION;2018-01-24 15:27:14+00:00;ADMINISTRATION;declaration 100433;declaration 100433;budget 86566;UNKNOWN;0.0;2018-01-24 15:27:14+00:00;2018;2018;Declaration APPROVED by ADMINISTRATION;1
st_step 100434_0;STAFF MEMBER;Declaration REJECTED by BUDGET OWNER;2018-01-24 16:17:12+00:00;BUDGET OWNER;declaration 100433;declaration 100433;budget 86566;UNKNOWN;0.0;2018-01-24 16:17:12+00:00;2018;2018;Declaration REJECTED by BUDGET OWNER;1
st_step 100436_0;STAFF MEMBER;Declaration REJECTED by EMPLOYEE;2018-01-25 08:25:07+00:00;EMPLOYEE;declaration 100433;declaration 100433;budget 86566;UNKNOWN;0.0;2018-01-25 08:25:07+00:00;2018;2018;Declaration REJECTED by EMPLOYEE;1
st_step 99502_0;STAFF MEMBER;Declaration SUBMITTED by EMPLOYEE;2018-01-16 13:44:52+00:00;EMPLOYEE;declaration 99495;declaration 99495;budget 86566;UNKNOWN;0.0;2018-01-16 13:44:52+00:00;2018;2018;Declaration SUBMITTED by EMPLOYEE;1
st_step 99501_0;STAFF MEMBER;Declaration REJECTED by ADMINISTRATION;2018-01-16 14:04:59+00:00;ADMINISTRATION;declaration 99495;declaration 99495;budget 86566;UNKNOWN;0.0;2018-01-16 14:04:59+00:00;2018;2018;Declaration REJECTED by ADMINISTRATION;1
st_step 99500_0;STAFF MEMBER;Declaration REJECTED by EMPLOYEE;2018-01-24 14:13:16+00:00;EMPLOYEE;declaration 99495;declaration 99495;budget 86566;UNKNOWN;0.0;2018-01-24 14:13:16+00:00;2018;2018;Declaration REJECTED by EMPLOYEE;1
st_step 99499_0;STAFF MEMBER;Declaration SUBMITTED by EMPLOYEE;2018-01-24 15:12:36+00:00;EMPLOYEE;declaration 99495;declaration 99495;budget 86566;UNKNOWN;0.0;2018-01-24 15:12:36+00:00;2018;2018;Declaration SUBMITTED by EMPLOYEE;1
st_step 99496_0;STAFF MEMBER;Declaration APPROVED by ADMINISTRATION;2018-01-24 15:15:17+00:00;ADMINISTRATION;declaration 99495;declaration 99495;budget 86566;UNKNOWN;0.0;2018-01-24 15:15:17+00:00;2018;2018;Declaration APPROVED by ADMINISTRATION;1
st_step 99497_0;STAFF MEMBER;Declaration REJECTED by BUDGET OWNER;2018-01-24 16:17:46+00:00;BUDGET OWNER;declaration 99495;declaration 99495;budget 86566;UNKNOWN;0.0;2018-01-24 16:17:46+00:00;2018;2018;Declaration REJECTED by BUDGET OWNER;1
st_step 99498_0;STAFF MEMBER;Declaration REJECTED by EMPLOYEE;2018-01-25 08:28:12+00:00;EMPLOYEE;declaration 99495;declaration 99495;budget 86566;UNKNOWN;0.0;2018-01-25 08:28:12+00:00;2018;2018;Declaration REJECTED by EMPLOYEE;1
st_step 105108_0;STAFF MEMBER;Declaration SUBMITTED by EMPLOYEE;2018-01-16 13:46:38+00:00;EMPLOYEE;declaration 105101;declaration 105101;budget 86566;UNKNOWN;0.0;2018-01-16 13:46:38+00:00;2018;2018;Declaration SUBMITTED by EMPLOYEE;1
st_step 105107_0;STAFF MEMBER;Declaration REJECTED by ADMINISTRATION;2018-01-16 14:05:54+00:00;ADMINISTRATION;declaration 105101;declaration 105101;budget 86566;UNKNOWN;0.0;2018-01-16 14:05:54+00:00;2018;2018;Declaration REJECTED by ADMINISTRATION;1
st_step 105106_0;STAFF MEMBER;Declaration REJECTED by EMPLOYEE;2018-01-24 14:13:30+00:00;EMPLOYEE;declaration 105101;declaration 105101;budget 86566;UNKNOWN;0.0;2018-01-24 14:13:30+00:00;2018;2018;Declaration REJECTED by EMPLOYEE;1
st_step 105105_0;STAFF MEMBER;Declaration SUBMITTED by EMPLOYEE;2018-01-24 15:11:22+00:00;EMPLOYEE;declaration 105101;declaration 105101;budget 86566;UNKNOWN;0.0;2018-01-24 15:11:22+00:00;2018;2018;Declaration SUBMITTED by EMPLOYEE;1
st_step 105103_0;STAFF MEMBER;Declaration APPROVED by ADMINISTRATION;2018-01-24 15:28:40+00:00;ADMINISTRATION;declaration 105101;declaration 105101;budget 86566;UNKNOWN;0.0;2018-01-24 15:28:40+00:00;2018;2018;Declaration APPROVED by ADMINISTRATION;1
st_step 105104_0;STAFF MEMBER;Declaration REJECTED by BUDGET OWNER;2018-01-24 16:20:54+00:00;BUDGET OWNER;declaration 105101;declaration 105101;budget 86566;UNKNOWN;0.0;2018-01-24 16:20:54+00:00;2018;2018;Declaration REJECTED by BUDGET OWNER;1
st_step 105102_0;STAFF MEMBER;Declaration REJECTED by EMPLOYEE;2018-01-25 08:28:34+00:00;EMPLOYEE;declaration 105101;declaration 105101;budget 86566;UNKNOWN;0.0;2018-01-25 08:28:34+00:00;2018;2018;Declaration REJECTED by EMPLOYEE;1
st_step 105129_0;STAFF MEMBER;Declaration SUBMITTED by EMPLOYEE;2018-01-16 13:48:03+00:00;EMPLOYEE;declaration 105124;declaration 105124;budget 86566;UNKNOWN;0.0;2018-01-16 13:48:03+00:00;2018;2018;Declaration SUBMITTED by EMPLOYEE;1
st_step 105131_0;STAFF MEMBER;Declaration REJECTED by ADMINISTRATION;2018-01-16 14:06:45+00:00;ADMINISTRATION;declaration 105124;declaration 105124;budget 86566;UNKNOWN;0.0;2018-01-16 14:06:45+00:00;2018;2018;Declaration REJECTED by ADMINISTRATION;1
st_step 105130_0;STAFF MEMBER;Declaration REJECTED by EMPLOYEE;2018-01-24 14:13:42+00:00;EMPLOYEE;declaration 105124;declaration 105124;budget 86566;UNKNOWN;0.0;2018-01-24 14:13:42+00:00;2018;2018;Declaration REJECTED by EMPLOYEE;1
st_step 105128_0;STAFF MEMBER;Declaration SUBMITTED by EMPLOYEE;2018-01-24 15:10:06+00:00;EMPLOYEE;declaration 105124;declaration 105124;budget 86566;UNKNOWN;0.0;2018-01-24 15:10:06+00:00;2018;2018;Declaration SUBMITTED by EMPLOYEE;1
st_step 105125_0;STAFF MEMBER;Declaration APPROVED by ADMINISTRATION;2018-01-24 15:15:16+00:00;ADMINISTRATION;declaration 105124;declaration 105124;budget 86566;UNKNOWN;0.0;2018-01-24 15:15:16+00:00;2018;2018;Declaration APPROVED by ADMINISTRATION;1
st_step 105126_0;STAFF MEMBER;Declaration REJECTED by BUDGET OWNER;2018-01-24 16:16:24+00:00;BUDGET OWNER;declaration 105124;declaration 105124;budget 86566;UNKNOWN;0.0;2018-01-24 16:16:24+00:00;2018;2018;Declaration REJECTED by BUDGET OWNER;1
st_step 105127_0;STAFF MEMBER;Declaration REJECTED by EMPLOYEE;2018-01-25 08:28:55+00:00;EMPLOYEE;declaration 105124;declaration 105124;budget 86566;UNKNOWN;0.0;2018-01-25 08:28:55+00:00;2018;2018;Declaration REJECTED by EMPLOYEE;1
st_step 96645_0;STAFF MEMBER;Declaration SUBMITTED by EMPLOYEE;2018-01-17 07:21:31+00:00;EMPLOYEE;declaration 96644;declaration 96644;budget 86566;UNKNOWN;0.0;2018-01-17 07:21:31+00:00;2018;2018;Declaration SUBMITTED by EMPLOYEE;1
st_step 96646_0;STAFF MEMBER;Declaration APPROVED by ADMINISTRATION;2018-01-17 07:21:36+00:00;ADMINISTRATION;declaration 96644;declaration 96644;budget 86566;UNKNOWN;0.0;2018-01-17 07:21:36+00:00;2018;2018;Declaration APPROVED by ADMINISTRATION;1
st_step 96647_0;STAFF MEMBER;Declaration REJECTED by BUDGET OWNER;2018-01-17 09:18:50+00:00;BUDGET OWNER;declaration 96644;declaration 96644;budget 86566;UNKNOWN;0.0;2018-01-17 09:18:50+00:00;2018;2018;Declaration REJECTED by BUDGET OWNER;1
st_step 96648_0;STAFF MEMBER;Declaration REJECTED by EMPLOYEE;2018-01-17 11:45:56+00:00;EMPLOYEE;declaration 96644;declaration 96644;budget 86566;UNKNOWN;0.0;2018-01-17 11:45:56+00:00;2018;2018;Declaration REJECTED by EMPLOYEE;1
st_step 109621_0;STAFF MEMBER;Declaration SUBMITTED by EMPLOYEE;2018-01-17 15:25:08+00:00;EMPLOYEE;declaration 109619;declaration 109619;budget 86566;UNKNOWN;0.0;2018-01-17 15:25:08+00:00;2018;2018;Declaration SUBMITTED by EMPLOYEE;1
st_step 109622_0;STAFF MEMBER;Declaration APPROVED by ADMINISTRATION;2018-01-18 14:25:42+00:00;ADMINISTRATION;declaration 109619;declaration 109619;budget 86566;UNKNOWN;0.0;2018-01-18 14:25:42+00:00;2018;2018;Declaration APPROVED by ADMINISTRATION;1
st_step 109620_0;STAFF MEMBER;Declaration REJECTED by BUDGET OWNER;2018-01-19 10:22:31+00:00;BUDGET OWNER;declaration 109619;declaration 109619;budget 86566;UNKNOWN;0.0;2018-01-19 10:22:31+00:00;2018;2018;Declaration REJECTED by BUDGET OWNER;1
st_step 109623_0;STAFF MEMBER;Declaration REJECTED by EMPLOYEE;2018-01-23 14:45:44+00:00;EMPLOYEE;declaration 109619;declaration 109619;budget 86566;UNKNOWN;0.0;2018-01-23 14:45:44+00:00;2018;2018;Declaration REJECTED by EMPLOYEE;1
st_step 105171_0;STAFF MEMBER;Declaration SUBMITTED by EMPLOYEE;2018-01-23 13:31:07+00:00;EMPLOYEE;declaration 105168;declaration 105168;budget 86566;UNKNOWN;0.0;2018-01-23 13:31:07+00:00;2018;2018;Declaration SUBMITTED by EMPLOYEE;1
st_step 105172_0;STAFF MEMBER;Declaration APPROVED by ADMINISTRATION;2018-01-23 13:31:20+00:00;ADMINISTRATION;declaration 105168;declaration 105168;budget 86566;UNKNOWN;0.0;2018-01-23 13:31:20+00:00;2018;2018;Declaration APPROVED by ADMINISTRATION;1
st_step 105170_0;STAFF MEMBER;Declaration REJECTED by SUPERVISOR;2018-01-23 13:43:14+00:00;SUPERVISOR;declaration 105168;declaration 105168;budget 86566;UNKNOWN;0.0;2018-01-23 13:43:14+00:00;2018;2018;Declaration REJECTED by SUPERVISOR;1
st_step 105169_0;STAFF MEMBER;Declaration REJECTED by EMPLOYEE;2018-01-23 22:21:08+00:00;EMPLOYEE;declaration 105168;declaration 105168;budget 86566;UNKNOWN;0.0;2018-01-23 22:21:08+00:00;2018;2018;Declaration REJECTED by EMPLOYEE;1
st_step 109790_0;STAFF MEMBER;Declaration SUBMITTED by EMPLOYEE;2018-01-30 11:12:37+00:00;EMPLOYEE;declaration 109787;declaration 109787;budget 86566;UNKNOWN;0.0;2018-01-30 11:12:37+00:00;2018;2018;Declaration SUBMITTED by EMPLOYEE;1
st_step 109791_0;STAFF MEMBER;Declaration APPROVED by ADMINISTRATION;2018-03-21 16:38:35+00:00;ADMINISTRATION;declaration 109787;declaration 109787;budget 86566;UNKNOWN;0.0;2018-03-21 16:38:35+00:00;2018;2018;Declaration APPROVED by ADMINISTRATION;1
st_step 109789_0;STAFF MEMBER;Declaration REJECTED by SUPERVISOR;2018-03-26 16:26:22+00:00;SUPERVISOR;declaration 109787;declaration 109787;budget 86566;UNKNOWN;0.0;2018-03-26 16:26:22+00:00;2018;2018;Declaration REJECTED by SUPERVISOR;1
st_step 109788_0;STAFF MEMBER;Declaration REJECTED by EMPLOYEE;2018-03-27 08:54:52+00:00;EMPLOYEE;declaration 109787;declaration 109787;budget 86566;UNKNOWN;0.0;2018-03-27 08:54:52+00:00;2018;2018;Declaration REJECTED by EMPLOYEE;1
st_step 102121_0;STAFF MEMBER;Declaration SUBMITTED by EMPLOYEE;2018-02-05 17:24:52+00:00;EMPLOYEE;declaration 102118;declaration 102118;budget 86566;UNKNOWN;0.0;2018-02-05 17:24:52+00:00;2018;2018;Declaration SUBMITTED by EMPLOYEE;1
st_step 102119_0;STAFF MEMBER;Declaration APPROVED by ADMINISTRATION;2018-02-05 17:28:50+00:00;ADMINISTRATION;declaration 102118;declaration 102118;budget 86566;UNKNOWN;0.0;2018-02-05 17:28:50+00:00;2018;2018;Declaration APPROVED by ADMINISTRATION;1
st_step 102122_0;STAFF MEMBER;Declaration REJECTED by SUPERVISOR;2018-02-08 11:36:31+00:00;SUPERVISOR;declaration 102118;declaration 102118;budget 86566;UNKNOWN;0.0;2018-02-08 11:36:31+00:00;2018;2018;Declaration REJECTED by SUPERVISOR;1
st_step 102120_0;STAFF MEMBER;Declaration REJECTED by EMPLOYEE;2018-02-13 22:47:52+00:00;EMPLOYEE;declaration 102118;declaration 102118;budget 86566;UNKNOWN;0.0;2018-02-13 22:47:52+00:00;2018;2018;Declaration REJECTED by EMPLOYEE;1
st_step 97445_0;STAFF MEMBER;Declaration SUBMITTED by EMPLOYEE;2018-02-09 11:38:04+00:00;EMPLOYEE;declaration 97440;declaration 97440;budget 86566;UNKNOWN;0.0;2018-02-09 11:38:04+00:00;2018;2018;Declaration SUBMITTED by EMPLOYEE;1
st_step 97446_0;STAFF MEMBER;Declaration REJECTED by ADMINISTRATION;2018-02-09 11:44:26+00:00;ADMINISTRATION;declaration 97440;declaration 97440;budget 86566;UNKNOWN;0.0;2018-02-09 11:44:26+00:00;2018;2018;Declaration REJECTED by ADMINISTRATION;1
st_step 97447_0;STAFF MEMBER;Declaration REJECTED by EMPLOYEE;2018-02-09 12:00:48+00:00;EMPLOYEE;declaration 97440;declaration 97440;budget 86566;UNKNOWN;0.0;2018-02-09 12:00:48+00:00;2018;2018;Declaration REJECTED by EMPLOYEE;1
st_step 97442_0;STAFF MEMBER;Declaration SUBMITTED by EMPLOYEE;2018-02-09 14:49:11+00:00;EMPLOYEE;declaration 97440;declaration 97440;budget 86566;UNKNOWN;0.0;2018-02-09 14:49:11+00:00;2018;2018;Declaration SUBMITTED by EMPLOYEE;1
st_step 97441_0;STAFF MEMBER;Declaration APPROVED by ADMINISTRATION;2018-02-09 14:49:19+00:00;ADMINISTRATION;declaration 97440;declaration 97440;budget 86566;UNKNOWN;0.0;2018-02-09 14:49:19+00:00;2018;2018;Declaration APPROVED by ADMINISTRATION;1
st_step 97444_0;STAFF MEMBER;Declaration REJECTED by SUPERVISOR;2018-02-09 15:03:44+00:00;SUPERVISOR;declaration 97440;declaration 97440;budget 86566;UNKNOWN;0.0;2018-02-09 15:03:44+00:00;2018;2018;Declaration REJECTED by SUPERVISOR;1
st_step 97443_0;STAFF MEMBER;Declaration REJECTED by EMPLOYEE;2018-02-09 15:38:14+00:00;EMPLOYEE;declaration 97440;declaration 97440;budget 86566;UNKNOWN;0.0;2018-02-09 15:38:14+00:00;2018;2018;Declaration REJECTED by EMPLOYEE;1
st_step 107357_0;STAFF MEMBER;Declaration SUBMITTED by EMPLOYEE;2018-02-09 13:04:28+00:00;EMPLOYEE;declaration 107348;declaration 107348;budget 86566;UNKNOWN;0.0;2018-02-09 13:04:28+00:00;2018;2018;Declaration SUBMITTED by EMPLOYEE;1
st_step 107354_0;STAFF MEMBER;Declaration APPROVED by ADMINISTRATION;2018-02-09 13:44:33+00:00;ADMINISTRATION;declaration 107348;declaration 107348;budget 86566;UNKNOWN;0.0;2018-02-09 13:44:33+00:00;2018;2018;Declaration APPROVED by ADMINISTRATION;1
st_step 107355_0;STAFF MEMBER;Declaration APPROVED by BUDGET OWNER;2018-02-12 09:04:41+00:00;BUDGET OWNER;declaration 107348;declaration 107348;budget 86566;UNKNOWN;0.0;2018-02-12 09:04:41+00:00;2018;2018;Declaration APPROVED by BUDGET OWNER;1
st_step 107356_0;STAFF MEMBER;Declaration REJECTED by SUPERVISOR;2018-02-19 05:15:42+00:00;SUPERVISOR;declaration 107348;declaration 107348;budget 86566;UNKNOWN;0.0;2018-02-19 05:15:42+00:00;2018;2018;Declaration REJECTED by SUPERVISOR;1
st_step 107353_0;STAFF MEMBER;Declaration REJECTED by EMPLOYEE;2018-02-20 06:56:40+00:00;EMPLOYEE;declaration 107348;declaration 107348;budget 86566;UNKNOWN;0.0;2018-02-20 06:56:40+00:00;2018;2018;Declaration REJECTED by EMPLOYEE;1
st_step 107349_0;STAFF MEMBER;Declaration SUBMITTED by EMPLOYEE;2018-02-20 09:12:07+00:00;EMPLOYEE;declaration 107348;declaration 107348;budget 86566;UNKNOWN;0.0;2018-02-20 09:12:07+00:00;2018;2018;Declaration SUBMITTED by EMPLOYEE;1
st_step 107350_0;STAFF MEMBER;Declaration APPROVED by ADMINISTRATION;2018-02-20 09:12:13+00:00;ADMINISTRATION;declaration 107348;declaration 107348;budget 86566;UNKNOWN;0.0;2018-02-20 09:12:13+00:00;2018;2018;Declaration APPROVED by ADMINISTRATION;1
st_step 107352_0;STAFF MEMBER;Declaration REJECTED by BUDGET OWNER;2018-02-20 16:17:54+00:00;BUDGET OWNER;declaration 107348;declaration 107348;budget 86566;UNKNOWN;0.0;2018-02-20 16:17:54+00:00;2018;2018;Declaration REJECTED by BUDGET OWNER;1
st_step 107351_0;STAFF MEMBER;Declaration REJECTED by EMPLOYEE;2018-02-22 13:30:11+00:00;EMPLOYEE;declaration 107348;declaration 107348;budget 86566;UNKNOWN;0.0;2018-02-22 13:30:11+00:00;2018;2018;Declaration REJECTED by EMPLOYEE;1
st_step 106039_0;STAFF MEMBER;Declaration SUBMITTED by EMPLOYEE;2018-02-11 14:33:56+00:00;EMPLOYEE;declaration 106037;declaration 106037;budget 86566;UNKNOWN;0.0;2018-02-11 14:33:56+00:00;2018;2018;Declaration SUBMITTED by EMPLOYEE;1
st_step 106038_0;STAFF MEMBER;Declaration APPROVED by ADMINISTRATION;2018-02-11 14:34:00+00:00;ADMINISTRATION;declaration 106037;declaration 106037;budget 86566;UNKNOWN;0.0;2018-02-11 14:34:00+00:00;2018;2018;Declaration APPROVED by ADMINISTRATION;1
st_step 106041_0;STAFF MEMBER;Declaration REJECTED by SUPERVISOR;2018-02-14 11:55:52+00:00;SUPERVISOR;declaration 106037;declaration 106037;budget 86566;UNKNOWN;0.0;2018-02-14 11:55:52+00:00;2018;2018;Declaration REJECTED by SUPERVISOR;1
st_step 106040_0;STAFF MEMBER;Declaration REJECTED by EMPLOYEE;2018-02-19 16:24:09+00:00;EMPLOYEE;declaration 106037;declaration 106037;budget 86566;UNKNOWN;0.0;2018-02-19 16:24:09+00:00;2018;2018;Declaration REJECTED by EMPLOYEE;1
st_step 107232_0;STAFF MEMBER;Declaration SUBMITTED by EMPLOYEE;2018-03-06 09:56:41+00:00;EMPLOYEE;declaration 107228;declaration 107228;budget 86566;UNKNOWN;0.0;2018-03-06 09:56:41+00:00;2018;2018;Declaration SUBMITTED by EMPLOYEE;1
st_step 107230_0;STAFF MEMBER;Declaration APPROVED by ADMINISTRATION;2018-03-06 09:58:57+00:00;ADMINISTRATION;declaration 107228;declaration 107228;budget 86566;UNKNOWN;0.0;2018-03-06 09:58:57+00:00;2018;2018;Declaration APPROVED by ADMINISTRATION;1
st_step 107231_0;STAFF MEMBER;Declaration REJECTED by SUPERVISOR;2018-03-06 10:57:53+00:00;SUPERVISOR;declaration 107228;declaration 107228;budget 86566;UNKNOWN;0.0;2018-03-06 10:57:53+00:00;2018;2018;Declaration REJECTED by SUPERVISOR;1
st_step 107229_0;STAFF MEMBER;Declaration REJECTED by EMPLOYEE;2018-03-06 12:58:37+00:00;EMPLOYEE;declaration 107228;declaration 107228;budget 86566;UNKNOWN;0.0;2018-03-06 12:58:37+00:00;2018;2018;Declaration REJECTED by EMPLOYEE;1
st_step 107248_0;STAFF MEMBER;Declaration SUBMITTED by EMPLOYEE;2018-03-06 13:22:34+00:00;EMPLOYEE;declaration 107244;declaration 107244;budget 86566;UNKNOWN;0.0;2018-03-06 13:22:34+00:00;2018;2018;Declaration SUBMITTED by EMPLOYEE;1
st_step 107245_0;STAFF MEMBER;Declaration APPROVED by ADMINISTRATION;2018-03-06 13:28:07+00:00;ADMINISTRATION;declaration 107244;declaration 107244;budget 86566;UNKNOWN;0.0;2018-03-06 13:28:07+00:00;2018;2018;Declaration APPROVED by ADMINISTRATION;1
st_step 107246_0;STAFF MEMBER;Declaration REJECTED by SUPERVISOR;2018-03-06 16:18:18+00:00;SUPERVISOR;declaration 107244;declaration 107244;budget 86566;UNKNOWN;0.0;2018-03-06 16:18:18+00:00;2018;2018;Declaration REJECTED by SUPERVISOR;1
st_step 107247_0;STAFF MEMBER;Declaration REJECTED by EMPLOYEE;2018-03-08 10:23:25+00:00;EMPLOYEE;declaration 107244;declaration 107244;budget 86566;UNKNOWN;0.0;2018-03-08 10:23:25+00:00;2018;2018;Declaration REJECTED by EMPLOYEE;1
st_step 108828_0;STAFF MEMBER;Declaration SUBMITTED by EMPLOYEE;2018-03-06 14:51:03+00:00;EMPLOYEE;declaration 108821;declaration 108821;budget 86566;UNKNOWN;0.0;2018-03-06 14:51:03+00:00;2018;2018;Declaration SUBMITTED by EMPLOYEE;1
st_step 108826_0;STAFF MEMBER;Declaration APPROVED by ADMINISTRATION;2018-03-06 14:51:32+00:00;ADMINISTRATION;declaration 108821;declaration 108821;budget 86566;UNKNOWN;0.0;2018-03-06 14:51:32+00:00;2018;2018;Declaration APPROVED by ADMINISTRATION;1
st_step 108827_0;STAFF MEMBER;Declaration REJECTED by SUPERVISOR;2018-03-07 14:22:24+00:00;SUPERVISOR;declaration 108821;declaration 108821;budget 86566;UNKNOWN;0.0;2018-03-07 14:22:24+00:00;2018;2018;Declaration REJECTED by SUPERVISOR;1
st_step 108829_0;STAFF MEMBER;Declaration REJECTED by EMPLOYEE;2018-03-08 13:29:55+00:00;EMPLOYEE;declaration 108821;declaration 108821;budget 86566;UNKNOWN;0.0;2018-03-08 13:29:55+00:00;2018;2018;Declaration REJECTED by EMPLOYEE;1
st_step 108825_0;STAFF MEMBER;Declaration SUBMITTED by EMPLOYEE;2018-03-28 09:13:28+00:00;EMPLOYEE;declaration 108821;declaration 108821;budget 86566;UNKNOWN;0.0;2018-03-28 09:13:28+00:00;2018;2018;Declaration SUBMITTED by EMPLOYEE;1
st_step 108824_0;STAFF MEMBER;Declaration APPROVED by ADMINISTRATION;2018-03-28 09:14:18+00:00;ADMINISTRATION;declaration 108821;declaration 108821;budget 86566;UNKNOWN;0.0;2018-03-28 09:14:18+00:00;2018;2018;Declaration APPROVED by ADMINISTRATION;1
st_step 108822_0;STAFF MEMBER;Declaration REJECTED by SUPERVISOR;2018-03-28 11:11:21+00:00;SUPERVISOR;declaration 108821;declaration 108821;budget 86566;UNKNOWN;0.0;2018-03-28 11:11:21+00:00;2018;2018;Declaration REJECTED by SUPERVISOR;1
st_step 108823_0;STAFF MEMBER;Declaration REJECTED by EMPLOYEE;2018-03-29 09:40:27+00:00;EMPLOYEE;declaration 108821;declaration 108821;budget 86566;UNKNOWN;0.0;2018-03-29 09:40:27+00:00;2018;2018;Declaration REJECTED by EMPLOYEE;1
st_step 102552_0;STAFF MEMBER;Declaration SUBMITTED by EMPLOYEE;2018-03-11 21:55:54+00:00;EMPLOYEE;declaration 102546;declaration 102546;budget 86566;UNKNOWN;0.0;2018-03-11 21:55:54+00:00;2018;2018;Declaration SUBMITTED by EMPLOYEE;1
st_step 102551_0;STAFF MEMBER;Declaration APPROVED by ADMINISTRATION;2018-03-11 21:55:58+00:00;ADMINISTRATION;declaration 102546;declaration 102546;budget 86566;UNKNOWN;0.0;2018-03-11 21:55:58+00:00;2018;2018;Declaration APPROVED by ADMINISTRATION;1
st_step 102553_0;STAFF MEMBER;Declaration REJECTED by SUPERVISOR;2018-03-12 10:08:06+00:00;SUPERVISOR;declaration 102546;declaration 102546;budget 86566;UNKNOWN;0.0;2018-03-12 10:08:06+00:00;2018;2018;Declaration REJECTED by SUPERVISOR;1
st_step 102550_0;STAFF MEMBER;Declaration REJECTED by EMPLOYEE;2018-03-12 12:47:53+00:00;EMPLOYEE;declaration 102546;declaration 102546;budget 86566;UNKNOWN;0.0;2018-03-12 12:47:53+00:00;2018;2018;Declaration REJECTED by EMPLOYEE;1
st_step 102549_0;STAFF MEMBER;Declaration SUBMITTED by EMPLOYEE;2018-04-30 20:37:32+00:00;EMPLOYEE;declaration 102546;declaration 102546;budget 86566;UNKNOWN;0.0;2018-04-30 20:37:32+00:00;2018;2018;Declaration SUBMITTED by EMPLOYEE;1
st_step 102548_0;STAFF MEMBER;Declaration REJECTED by ADMINISTRATION;2018-04-30 20:37:38+00:00;ADMINISTRATION;declaration 102546;declaration 102546;budget 86566;UNKNOWN;0.0;2018-04-30 20:37:38+00:00;2018;2018;Declaration REJECTED by ADMINISTRATION;1
st_step 102547_0;STAFF MEMBER;Declaration REJECTED by EMPLOYEE;2018-05-02 15:40:55+00:00;EMPLOYEE;declaration 102546;declaration 102546;budget 86566;UNKNOWN;0.0;2018-05-02 15:40:55+00:00;2018;2018;Declaration REJECTED by EMPLOYEE;1
st_step 102782_0;STAFF MEMBER;Declaration SUBMITTED by EMPLOYEE;2018-03-21 16:42:21+00:00;EMPLOYEE;declaration 102780;declaration 102780;budget 86566;UNKNOWN;0.0;2018-03-21 16:42:21+00:00;2018;2018;Declaration SUBMITTED by EMPLOYEE;1
st_step 102783_0;STAFF MEMBER;Declaration APPROVED by ADMINISTRATION;2018-03-21 16:44:38+00:00;ADMINISTRATION;declaration 102780;declaration 102780;budget 86566;UNKNOWN;0.0;2018-03-21 16:44:38+00:00;2018;2018;Declaration APPROVED by ADMINISTRATION;1
st_step 102784_0;STAFF MEMBER;Declaration REJECTED by SUPERVISOR;2018-03-26 16:09:34+00:00;SUPERVISOR;declaration 102780;declaration 102780;budget 86566;UNKNOWN;0.0;2018-03-26 16:09:34+00:00;2018;2018;Declaration REJECTED by SUPERVISOR;1
st_step 102781_0;STAFF MEMBER;Declaration REJECTED by EMPLOYEE;2018-03-27 08:55:05+00:00;EMPLOYEE;declaration 102780;declaration 102780;budget 86566;UNKNOWN;0.0;2018-03-27 08:55:05+00:00;2018;2018;Declaration REJECTED by EMPLOYEE;1
st_step 106630_0;STAFF MEMBER;Declaration SUBMITTED by EMPLOYEE;2018-03-21 16:54:05+00:00;EMPLOYEE;declaration 106629;declaration 106629;budget 86566;UNKNOWN;0.0;2018-03-21 16:54:05+00:00;2018;2018;Declaration SUBMITTED by EMPLOYEE;1
st_step 106631_0;STAFF MEMBER;Declaration APPROVED by ADMINISTRATION;2018-03-21 16:54:56+00:00;ADMINISTRATION;declaration 106629;declaration 106629;budget 86566;UNKNOWN;0.0;2018-03-21 16:54:56+00:00;2018;2018;Declaration APPROVED by ADMINISTRATION;1
st_step 106633_0;STAFF MEMBER;Declaration REJECTED by SUPERVISOR;2018-03-26 16:09:06+00:00;SUPERVISOR;declaration 106629;declaration 106629;budget 86566;UNKNOWN;0.0;2018-03-26 16:09:06+00:00;2018;2018;Declaration REJECTED by SUPERVISOR;1
st_step 106632_0;STAFF MEMBER;Declaration REJECTED by EMPLOYEE;2018-03-27 08:54:41+00:00;EMPLOYEE;declaration 106629;declaration 106629;budget 86566;UNKNOWN;0.0;2018-03-27 08:54:41+00:00;2018;2018;Declaration REJECTED by EMPLOYEE;1
st_step 110365_0;STAFF MEMBER;Declaration SUBMITTED by EMPLOYEE;2018-03-23 12:44:55+00:00;EMPLOYEE;declaration 110358;declaration 110358;budget 86566;UNKNOWN;0.0;2018-03-23 12:44:55+00:00;2018;2018;Declaration SUBMITTED by EMPLOYEE;1
st_step 110364_0;STAFF MEMBER;Declaration APPROVED by ADMINISTRATION;2018-03-23 12:44:58+00:00;ADMINISTRATION;declaration 110358;declaration 110358;budget 86566;UNKNOWN;0.0;2018-03-23 12:44:58+00:00;2018;2018;Declaration APPROVED by ADMINISTRATION;1
st_step 110362_0;STAFF MEMBER;Declaration REJECTED by BUDGET OWNER;2018-03-23 13:59:17+00:00;BUDGET OWNER;declaration 110358;declaration 110358;budget 86566;UNKNOWN;0.0;2018-03-23 13:59:17+00:00;2018;2018;Declaration REJECTED by BUDGET OWNER;1
st_step 110363_0;STAFF MEMBER;Declaration REJECTED by EMPLOYEE;2018-03-26 02:44:48+00:00;EMPLOYEE;declaration 110358;declaration 110358;budget 86566;UNKNOWN;0.0;2018-03-26 02:44:48+00:00;2018;2018;Declaration REJECTED by EMPLOYEE;1
st_step 110360_0;STAFF MEMBER;Declaration SUBMITTED by EMPLOYEE;2018-08-23 13:15:21+00:00;EMPLOYEE;declaration 110358;declaration 110358;budget 86566;UNKNOWN;0.0;2018-08-23 13:15:21+00:00;2018;2018;Declaration SUBMITTED by EMPLOYEE;1
st_step 110359_0;STAFF MEMBER;Declaration REJECTED by ADMINISTRATION;2018-08-23 13:15:27+00:00;ADMINISTRATION;declaration 110358;declaration 110358;budget 86566;UNKNOWN;0.0;2018-08-23 13:15:27+00:00;2018;2018;Declaration REJECTED by ADMINISTRATION;1
st_step 110361_0;STAFF MEMBER;Declaration REJECTED by EMPLOYEE;2018-08-23 14:11:18+00:00;EMPLOYEE;declaration 110358;declaration 110358;budget 86566;UNKNOWN;0.0;2018-08-23 14:11:18+00:00;2018;2018;Declaration REJECTED by EMPLOYEE;1
st_step 103524_0;STAFF MEMBER;Declaration SUBMITTED by EMPLOYEE;2018-04-10 14:56:36+00:00;EMPLOYEE;declaration 103522;declaration 103522;budget 86566;UNKNOWN;0.0;2018-04-10 14:56:36+00:00;2018;2018;Declaration SUBMITTED by EMPLOYEE;1
st_step 103523_0;STAFF MEMBER;Declaration APPROVED by ADMINISTRATION;2018-04-10 14:56:57+00:00;ADMINISTRATION;declaration 103522;declaration 103522;budget 86566;UNKNOWN;0.0;2018-04-10 14:56:57+00:00;2018;2018;Declaration APPROVED by ADMINISTRATION;1
st_step 103526_0;STAFF MEMBER;Declaration REJECTED by SUPERVISOR;2018-04-10 15:41:06+00:00;SUPERVISOR;declaration 103522;declaration 103522;budget 86566;UNKNOWN;0.0;2018-04-10 15:41:06+00:00;2018;2018;Declaration REJECTED by SUPERVISOR;1
st_step 103525_0;STAFF MEMBER;Declaration REJECTED by EMPLOYEE;2018-04-19 13:34:10+00:00;EMPLOYEE;declaration 103522;declaration 103522;budget 86566;UNKNOWN;0.0;2018-04-19 13:34:10+00:00;2018;2018;Declaration REJECTED by EMPLOYEE;1
st_step 96842_0;STAFF MEMBER;Declaration SUBMITTED by EMPLOYEE;2018-04-23 13:25:23+00:00;EMPLOYEE;declaration 96839;declaration 96839;budget 86566;UNKNOWN;0.0;2018-04-23 13:25:23+00:00;2018;2018;Declaration SUBMITTED by EMPLOYEE;1
st_step 96841_0;STAFF MEMBER;Declaration APPROVED by ADMINISTRATION;2018-04-23 13:25:26+00:00;ADMINISTRATION;declaration 96839;declaration 96839;budget 86566;UNKNOWN;0.0;2018-04-23 13:25:26+00:00;2018;2018;Declaration APPROVED by ADMINISTRATION;1
st_step 96843_0;STAFF MEMBER;Declaration REJECTED by BUDGET OWNER;2018-04-24 09:11:03+00:00;BUDGET OWNER;declaration 96839;declaration 96839;budget 86566;UNKNOWN;0.0;2018-04-24 09:11:03+00:00;2018;2018;Declaration REJECTED by BUDGET OWNER;1
st_step 96840_0;STAFF MEMBER;Declaration REJECTED by EMPLOYEE;2018-04-24 09:58:23+00:00;EMPLOYEE;declaration 96839;declaration 96839;budget 86566;UNKNOWN;0.0;2018-04-24 09:58:23+00:00;2018;2018;Declaration REJECTED by EMPLOYEE;1
st_step 121554_0;STAFF MEMBER;Declaration SUBMITTED by EMPLOYEE;2018-05-01 07:57:40+00:00;EMPLOYEE;declaration 121550;declaration 121550;budget 86566;UNKNOWN;0.0;2018-05-01 07:57:40+00:00;2018;2018;Declaration SUBMITTED by EMPLOYEE;1
st_step 121553_0;STAFF MEMBER;Declaration APPROVED by ADMINISTRATION;2018-05-01 07:57:43+00:00;ADMINISTRATION;declaration 121550;declaration 121550;budget 86566;UNKNOWN;0.0;2018-05-01 07:57:43+00:00;2018;2018;Declaration APPROVED by ADMINISTRATION;1
st_step 121552_0;STAFF MEMBER;Declaration REJECTED by SUPERVISOR;2018-05-08 10:43:42+00:00;SUPERVISOR;declaration 121550;declaration 121550;budget 86566;UNKNOWN;0.0;2018-05-08 10:43:42+00:00;2018;2018;Declaration REJECTED by SUPERVISOR;1
st_step 121551_0;STAFF MEMBER;Declaration REJECTED by EMPLOYEE;2018-05-15 16:21:41+00:00;EMPLOYEE;declaration 121550;declaration 121550;budget 86566;UNKNOWN;0.0;2018-05-15 16:21:41+00:00;2018;2018;Declaration REJECTED by EMPLOYEE;1
st_step 120312_0;STAFF MEMBER;Declaration SUBMITTED by EMPLOYEE;2018-05-03 13:30:05+00:00;EMPLOYEE;declaration 120308;declaration 120308;budget 86566;UNKNOWN;0.0;2018-05-03 13:30:05+00:00;2018;2018;Declaration SUBMITTED by EMPLOYEE;1
st_step 120311_0;STAFF MEMBER;Declaration APPROVED by ADMINISTRATION;2018-05-03 13:30:24+00:00;ADMINISTRATION;declaration 120308;declaration 120308;budget 86566;UNKNOWN;0.0;2018-05-03 13:30:24+00:00;2018;2018;Declaration APPROVED by ADMINISTRATION;1
st_step 120309_0;STAFF MEMBER;Declaration REJECTED by BUDGET OWNER;2018-05-04 09:38:10+00:00;BUDGET OWNER;declaration 120308;declaration 120308;budget 86566;UNKNOWN;0.0;2018-05-04 09:38:10+00:00;2018;2018;Declaration REJECTED by BUDGET OWNER;1
st_step 120310_0;STAFF MEMBER;Declaration REJECTED by EMPLOYEE;2018-05-07 12:08:15+00:00;EMPLOYEE;declaration 120308;declaration 120308;budget 86566;UNKNOWN;0.0;2018-05-07 12:08:15+00:00;2018;2018;Declaration REJECTED by EMPLOYEE;1
st_step 116290_0;STAFF MEMBER;Declaration SUBMITTED by EMPLOYEE;2018-05-14 15:54:24+00:00;EMPLOYEE;declaration 116288;declaration 116288;budget 86566;UNKNOWN;0.0;2018-05-14 15:54:24+00:00;2018;2018;Declaration SUBMITTED by EMPLOYEE;1
st_step 116289_0;STAFF MEMBER;Declaration APPROVED by ADMINISTRATION;2018-05-14 15:54:25+00:00;ADMINISTRATION;declaration 116288;declaration 116288;budget 86566;UNKNOWN;0.0;2018-05-14 15:54:25+00:00;2018;2018;Declaration APPROVED by ADMINISTRATION;1
st_step 116291_0;STAFF MEMBER;Declaration REJECTED by BUDGET OWNER;2018-05-16 11:57:10+00:00;BUDGET OWNER;declaration 116288;declaration 116288;budget 86566;UNKNOWN;0.0;2018-05-16 11:57:10+00:00;2018;2018;Declaration REJECTED by BUDGET OWNER;1
st_step 116292_0;STAFF MEMBER;Declaration REJECTED by EMPLOYEE;2018-05-17 09:57:45+00:00;EMPLOYEE;declaration 116288;declaration 116288;budget 86566;UNKNOWN;0.0;2018-05-17 09:57:45+00:00;2018;2018;Declaration REJECTED by EMPLOYEE;1
st_step 114696_0;STAFF MEMBER;Declaration SUBMITTED by EMPLOYEE;2018-05-24 15:59:38+00:00;EMPLOYEE;declaration 114695;declaration 114695;budget 86566;UNKNOWN;0.0;2018-05-24 15:59:38+00:00;2018;2018;Declaration SUBMITTED by EMPLOYEE;1
st_step 114698_0;STAFF MEMBER;Declaration APPROVED by ADMINISTRATION;2018-05-24 16:00:04+00:00;ADMINISTRATION;declaration 114695;declaration 114695;budget 86566;UNKNOWN;0.0;2018-05-24 16:00:04+00:00;2018;2018;Declaration APPROVED by ADMINISTRATION;1
st_step 114699_0;STAFF MEMBER;Declaration REJECTED by SUPERVISOR;2018-05-28 10:59:21+00:00;SUPERVISOR;declaration 114695;declaration 114695;budget 86566;UNKNOWN;0.0;2018-05-28 10:59:21+00:00;2018;2018;Declaration REJECTED by SUPERVISOR;1
st_step 114697_0;STAFF MEMBER;Declaration REJECTED by EMPLOYEE;2018-05-28 12:25:22+00:00;EMPLOYEE;declaration 114695;declaration 114695;budget 86566;UNKNOWN;0.0;2018-05-28 12:25:22+00:00;2018;2018;Declaration REJECTED by EMPLOYEE;1
st_step 123471_0;STAFF MEMBER;Declaration SUBMITTED by EMPLOYEE;2018-05-29 10:59:53+00:00;EMPLOYEE;declaration 123467;declaration 123467;budget 86566;UNKNOWN;0.0;2018-05-29 10:59:53+00:00;2018;2018;Declaration SUBMITTED by EMPLOYEE;1
st_step 123472_0;STAFF MEMBER;Declaration REJECTED by ADMINISTRATION;2018-05-29 10:59:57+00:00;ADMINISTRATION;declaration 123467;declaration 123467;budget 86566;UNKNOWN;0.0;2018-05-29 10:59:57+00:00;2018;2018;Declaration REJECTED by ADMINISTRATION;1
st_step 123469_0;STAFF MEMBER;Declaration SUBMITTED by EMPLOYEE;2018-05-29 13:35:09+00:00;EMPLOYEE;declaration 123467;declaration 123467;budget 86566;UNKNOWN;0.0;2018-05-29 13:35:09+00:00;2018;2018;Declaration SUBMITTED by EMPLOYEE;1
st_step 123468_0;STAFF MEMBER;Declaration APPROVED by ADMINISTRATION;2018-05-29 13:41:35+00:00;ADMINISTRATION;declaration 123467;declaration 123467;budget 86566;UNKNOWN;0.0;2018-05-29 13:41:35+00:00;2018;2018;Declaration APPROVED by ADMINISTRATION;1
st_step 123470_0;STAFF MEMBER;Declaration REJECTED by SUPERVISOR;2018-05-30 10:46:24+00:00;SUPERVISOR;declaration 123467;declaration 123467;budget 86566;UNKNOWN;0.0;2018-05-30 10:46:24+00:00;2018;2018;Declaration REJECTED by SUPERVISOR;1
st_step 123473_0;STAFF MEMBER;Declaration REJECTED by EMPLOYEE;2018-05-30 16:23:56+00:00;EMPLOYEE;declaration 123467;declaration 123467;budget 86566;UNKNOWN;0.0;2018-05-30 16:23:56+00:00;2018;2018;Declaration REJECTED by EMPLOYEE;1
st_step 126162_0;STAFF MEMBER;Declaration SUBMITTED by EMPLOYEE;2018-05-29 19:25:14+00:00;EMPLOYEE;declaration 126158;declaration 126158;budget 86566;UNKNOWN;0.0;2018-05-29 19:25:14+00:00;2018;2018;Declaration SUBMITTED by EMPLOYEE;1
st_step 126160_0;STAFF MEMBER;Declaration APPROVED by ADMINISTRATION;2018-05-29 19:26:34+00:00;ADMINISTRATION;declaration 126158;declaration 126158;budget 86566;UNKNOWN;0.0;2018-05-29 19:26:34+00:00;2018;2018;Declaration APPROVED by ADMINISTRATION;1
st_step 126161_0;STAFF MEMBER;Declaration REJECTED by SUPERVISOR;2018-05-30 10:22:16+00:00;SUPERVISOR;declaration 126158;declaration 126158;budget 86566;UNKNOWN;0.0;2018-05-30 10:22:16+00:00;2018;2018;Declaration REJECTED by SUPERVISOR;1
st_step 126159_0;STAFF MEMBER;Declaration REJECTED by EMPLOYEE;2018-05-31 09:11:20+00:00;EMPLOYEE;declaration 126158;declaration 126158;budget 86566;UNKNOWN;0.0;2018-05-31 09:11:20+00:00;2018;2018;Declaration REJECTED by EMPLOYEE;1
st_step 112709_0;STAFF MEMBER;Declaration SUBMITTED by EMPLOYEE;2018-05-31 13:44:39+00:00;EMPLOYEE;declaration 112706;declaration 112706;budget 86566;UNKNOWN;0.0;2018-05-31 13:44:39+00:00;2018;2018;Declaration SUBMITTED by EMPLOYEE;1
st_step 112708_0;STAFF MEMBER;Declaration APPROVED by ADMINISTRATION;2018-05-31 13:55:28+00:00;ADMINISTRATION;declaration 112706;declaration 112706;budget 86566;UNKNOWN;0.0;2018-05-31 13:55:28+00:00;2018;2018;Declaration APPROVED by ADMINISTRATION;1
st_step 112707_0;STAFF MEMBER;Declaration REJECTED by SUPERVISOR;2018-06-04 11:01:40+00:00;SUPERVISOR;declaration 112706;declaration 112706;budget 86566;UNKNOWN;0.0;2018-06-04 11:01:40+00:00;2018;2018;Declaration REJECTED by SUPERVISOR;1
st_step 112710_0;STAFF MEMBER;Declaration REJECTED by EMPLOYEE;2018-06-07 17:55:11+00:00;EMPLOYEE;declaration 112706;declaration 112706;budget 86566;UNKNOWN;0.0;2018-06-07 17:55:11+00:00;2018;2018;Declaration REJECTED by EMPLOYEE;1
st_step 112994_0;STAFF MEMBER;Declaration SUBMITTED by EMPLOYEE;2018-06-04 10:35:28+00:00;EMPLOYEE;declaration 112989;declaration 112989;budget 86566;UNKNOWN;0.0;2018-06-04 10:35:28+00:00;2018;2018;Declaration SUBMITTED by EMPLOYEE;1
st_step 112996_0;STAFF MEMBER;Declaration APPROVED by ADMINISTRATION;2018-06-04 10:39:50+00:00;ADMINISTRATION;declaration 112989;declaration 112989;budget 86566;UNKNOWN;0.0;2018-06-04 10:39:50+00:00;2018;2018;Declaration APPROVED by ADMINISTRATION;1
st_step 112993_0;STAFF MEMBER;Declaration REJECTED by SUPERVISOR;2018-06-04 16:32:47+00:00;SUPERVISOR;declaration 112989;declaration 112989;budget 86566;UNKNOWN;0.0;2018-06-04 16:32:47+00:00;2018;2018;Declaration REJECTED by SUPERVISOR;1
st_step 112995_0;STAFF MEMBER;Declaration REJECTED by EMPLOYEE;2018-06-05 08:33:56+00:00;EMPLOYEE;declaration 112989;declaration 112989;budget 86566;UNKNOWN;0.0;2018-06-05 08:33:56+00:00;2018;2018;Declaration REJECTED by EMPLOYEE;1
st_step 112990_0;STAFF MEMBER;Declaration SUBMITTED by EMPLOYEE;2018-06-05 09:45:44+00:00;EMPLOYEE;declaration 112989;declaration 112989;budget 86566;UNKNOWN;0.0;2018-06-05 09:45:44+00:00;2018;2018;Declaration SUBMITTED by EMPLOYEE;1
st_step 112991_0;STAFF MEMBER;Declaration REJECTED by ADMINISTRATION;2018-06-05 10:08:56+00:00;ADMINISTRATION;declaration 112989;declaration 112989;budget 86566;UNKNOWN;0.0;2018-06-05 10:08:56+00:00;2018;2018;Declaration REJECTED by ADMINISTRATION;1
st_step 112992_0;STAFF MEMBER;Declaration REJECTED by EMPLOYEE;2018-06-05 13:18:19+00:00;EMPLOYEE;declaration 112989;declaration 112989;budget 86566;UNKNOWN;0.0;2018-06-05 13:18:19+00:00;2018;2018;Declaration REJECTED by EMPLOYEE;1
st_step 127255_0;STAFF MEMBER;Declaration SUBMITTED by EMPLOYEE;2018-06-12 21:23:39+00:00;EMPLOYEE;declaration 127253;declaration 127253;budget 86566;UNKNOWN;0.0;2018-06-12 21:23:39+00:00;2018;2018;Declaration SUBMITTED by EMPLOYEE;1
st_step 127257_0;STAFF MEMBER;Declaration APPROVED by ADMINISTRATION;2018-06-12 21:23:42+00:00;ADMINISTRATION;declaration 127253;declaration 127253;budget 86566;UNKNOWN;0.0;2018-06-12 21:23:42+00:00;2018;2018;Declaration APPROVED by ADMINISTRATION;1
st_step 127254_0;STAFF MEMBER;Declaration REJECTED by SUPERVISOR;2018-06-13 11:10:39+00:00;SUPERVISOR;declaration 127253;declaration 127253;budget 86566;UNKNOWN;0.0;2018-06-13 11:10:39+00:00;2018;2018;Declaration REJECTED by SUPERVISOR;1
st_step 127256_0;STAFF MEMBER;Declaration REJECTED by EMPLOYEE;2018-06-21 08:46:51+00:00;EMPLOYEE;declaration 127253;declaration 127253;budget 86566;UNKNOWN;0.0;2018-06-21 08:46:51+00:00;2018;2018;Declaration REJECTED by EMPLOYEE;1
st_step 125948_0;STAFF MEMBER;Declaration SUBMITTED by EMPLOYEE;2018-06-18 10:49:54+00:00;EMPLOYEE;declaration 125940;declaration 125940;budget 86566;UNKNOWN;0.0;2018-06-18 10:49:54+00:00;2018;2018;Declaration SUBMITTED by EMPLOYEE;1
st_step 125946_0;STAFF MEMBER;Declaration REJECTED by ADMINISTRATION;2018-06-18 10:56:53+00:00;ADMINISTRATION;declaration 125940;declaration 125940;budget 86566;UNKNOWN;0.0;2018-06-18 10:56:53+00:00;2018;2018;Declaration REJECTED by ADMINISTRATION;1
st_step 125947_0;STAFF MEMBER;Declaration REJECTED by EMPLOYEE;2018-06-18 14:24:25+00:00;EMPLOYEE;declaration 125940;declaration 125940;budget 86566;UNKNOWN;0.0;2018-06-18 14:24:25+00:00;2018;2018;Declaration REJECTED by EMPLOYEE;1
st_step 125942_0;STAFF MEMBER;Declaration SUBMITTED by EMPLOYEE;2018-07-02 10:21:29+00:00;EMPLOYEE;declaration 125940;declaration 125940;budget 86566;UNKNOWN;0.0;2018-07-02 10:21:29+00:00;2018;2018;Declaration SUBMITTED by EMPLOYEE;1
st_step 125943_0;STAFF MEMBER;Declaration APPROVED by ADMINISTRATION;2018-07-02 10:21:31+00:00;ADMINISTRATION;declaration 125940;declaration 125940;budget 86566;UNKNOWN;0.0;2018-07-02 10:21:31+00:00;2018;2018;Declaration APPROVED by ADMINISTRATION;1
st_step 125944_0;STAFF MEMBER;Declaration APPROVED by BUDGET OWNER;2018-07-02 13:28:42+00:00;BUDGET OWNER;declaration 125940;declaration 125940;budget 86566;UNKNOWN;0.0;2018-07-02 13:28:42+00:00;2018;2018;Declaration APPROVED by BUDGET OWNER;1
st_step 125945_0;STAFF MEMBER;Declaration REJECTED by SUPERVISOR;2018-07-09 05:15:22+00:00;SUPERVISOR;declaration 125940;declaration 125940;budget 86566;UNKNOWN;0.0;2018-07-09 05:15:22+00:00;2018;2018;Declaration REJECTED by SUPERVISOR;1
st_step 125941_0;STAFF MEMBER;Declaration REJECTED by EMPLOYEE;2018-07-10 09:04:38+00:00;EMPLOYEE;declaration 125940;declaration 125940;budget 86566;UNKNOWN;0.0;2018-07-10 09:04:38+00:00;2018;2018;Declaration REJECTED by EMPLOYEE;1
st_step 125690_0;STAFF MEMBER;Declaration SUBMITTED by EMPLOYEE;2018-06-22 09:58:49+00:00;EMPLOYEE;declaration 125686;declaration 125686;budget 86566;UNKNOWN;0.0;2018-06-22 09:58:49+00:00;2018;2018;Declaration SUBMITTED by EMPLOYEE;1
st_step 125689_0;STAFF MEMBER;Declaration APPROVED by ADMINISTRATION;2018-06-22 09:59:58+00:00;ADMINISTRATION;declaration 125686;declaration 125686;budget 86566;UNKNOWN;0.0;2018-06-22 09:59:58+00:00;2018;2018;Declaration APPROVED by ADMINISTRATION;1
st_step 125688_0;STAFF MEMBER;Declaration REJECTED by BUDGET OWNER;2018-06-22 11:12:54+00:00;BUDGET OWNER;declaration 125686;declaration 125686;budget 86566;UNKNOWN;0.0;2018-06-22 11:12:54+00:00;2018;2018;Declaration REJECTED by BUDGET OWNER;1
st_step 125687_0;STAFF MEMBER;Declaration REJECTED by EMPLOYEE;2018-06-27 16:19:59+00:00;EMPLOYEE;declaration 125686;declaration 125686;budget 86566;UNKNOWN;0.0;2018-06-27 16:19:59+00:00;2018;2018;Declaration REJECTED by EMPLOYEE;1
st_step 114114_0;STAFF MEMBER;Declaration SUBMITTED by EMPLOYEE;2018-06-22 11:45:18+00:00;EMPLOYEE;declaration 114111;declaration 114111;budget 86566;UNKNOWN;0.0;2018-06-22 11:45:18+00:00;2018;2018;Declaration SUBMITTED by EMPLOYEE;1
st_step 114113_0;STAFF MEMBER;Declaration APPROVED by ADMINISTRATION;2018-06-22 11:46:04+00:00;ADMINISTRATION;declaration 114111;declaration 114111;budget 86566;UNKNOWN;0.0;2018-06-22 11:46:04+00:00;2018;2018;Declaration APPROVED by ADMINISTRATION;1
st_step 114112_0;STAFF MEMBER;Declaration REJECTED by SUPERVISOR;2018-06-22 13:23:02+00:00;SUPERVISOR;declaration 114111;declaration 114111;budget 86566;UNKNOWN;0.0;2018-06-22 13:23:02+00:00;2018;2018;Declaration REJECTED by SUPERVISOR;1
st_step 114115_0;STAFF MEMBER;Declaration REJECTED by EMPLOYEE;2018-06-25 09:50:42+00:00;EMPLOYEE;declaration 114111;declaration 114111;budget 86566;UNKNOWN;0.0;2018-06-25 09:50:42+00:00;2018;2018;Declaration REJECTED by EMPLOYEE;1
st_step 118178_0;STAFF MEMBER;Declaration SUBMITTED by EMPLOYEE;2018-07-03 15:21:05+00:00;EMPLOYEE;declaration 118177;declaration 118177;budget 86566;UNKNOWN;0.0;2018-07-03 15:21:05+00:00;2018;2018;Declaration SUBMITTED by EMPLOYEE;1
st_step 118179_0;STAFF MEMBER;Declaration APPROVED by ADMINISTRATION;2018-07-03 15:21:08+00:00;ADMINISTRATION;declaration 118177;declaration 118177;budget 86566;UNKNOWN;0.0;2018-07-03 15:21:08+00:00;2018;2018;Declaration APPROVED by ADMINISTRATION;1
st_step 118180_0;STAFF MEMBER;Declaration REJECTED by SUPERVISOR;2018-07-03 15:38:42+00:00;SUPERVISOR;declaration 118177;declaration 118177;budget 86566;UNKNOWN;0.0;2018-07-03 15:38:42+00:00;2018;2018;Declaration REJECTED by SUPERVISOR;1
st_step 118181_0;STAFF MEMBER;Declaration REJECTED by EMPLOYEE;2018-07-19 11:12:31+00:00;EMPLOYEE;declaration 118177;declaration 118177;budget 86566;UNKNOWN;0.0;2018-07-19 11:12:31+00:00;2018;2018;Declaration REJECTED by EMPLOYEE;1
st_step 127446_0;STAFF MEMBER;Declaration SUBMITTED by EMPLOYEE;2018-07-15 23:30:01+00:00;EMPLOYEE;declaration 127444;declaration 127444;budget 86566;UNKNOWN;0.0;2018-07-15 23:30:01+00:00;2018;2018;Declaration SUBMITTED by EMPLOYEE;1
st_step 127447_0;STAFF MEMBER;Declaration APPROVED by ADMINISTRATION;2018-07-15 23:30:08+00:00;ADMINISTRATION;declaration 127444;declaration 127444;budget 86566;UNKNOWN;0.0;2018-07-15 23:30:08+00:00;2018;2018;Declaration APPROVED by ADMINISTRATION;1
st_step 127448_0;STAFF MEMBER;Declaration REJECTED by SUPERVISOR;2018-07-16 09:47:46+00:00;SUPERVISOR;declaration 127444;declaration 127444;budget 86566;UNKNOWN;0.0;2018-07-16 09:47:46+00:00;2018;2018;Declaration REJECTED by SUPERVISOR;1
st_step 127445_0;STAFF MEMBER;Declaration REJECTED by EMPLOYEE;2018-07-19 16:52:32+00:00;EMPLOYEE;declaration 127444;declaration 127444;budget 86566;UNKNOWN;0.0;2018-07-19 16:52:32+00:00;2018;2018;Declaration REJECTED by EMPLOYEE;1
st_step 112905_0;STAFF MEMBER;Declaration SUBMITTED by EMPLOYEE;2018-08-24 14:55:42+00:00;EMPLOYEE;declaration 112904;declaration 112904;budget 86566;UNKNOWN;0.0;2018-08-24 14:55:42+00:00;2018;2018;Declaration SUBMITTED by EMPLOYEE;1
st_step 112908_0;STAFF MEMBER;Declaration APPROVED by ADMINISTRATION;2018-08-24 14:55:45+00:00;ADMINISTRATION;declaration 112904;declaration 112904;budget 86566;UNKNOWN;0.0;2018-08-24 14:55:45+00:00;2018;2018;Declaration APPROVED by ADMINISTRATION;1
st_step 112907_0;STAFF MEMBER;Declaration REJECTED by SUPERVISOR;2018-08-27 10:52:12+00:00;SUPERVISOR;declaration 112904;declaration 112904;budget 86566;UNKNOWN;0.0;2018-08-27 10:52:12+00:00;2018;2018;Declaration REJECTED by SUPERVISOR;1
st_step 112906_0;STAFF MEMBER;Declaration REJECTED by EMPLOYEE;2018-08-27 13:04:56+00:00;EMPLOYEE;declaration 112904;declaration 112904;budget 86566;UNKNOWN;0.0;2018-08-27 13:04:56+00:00;2018;2018;Declaration REJECTED by EMPLOYEE;1
st_step 111481_0;STAFF MEMBER;Declaration SUBMITTED by EMPLOYEE;2018-09-03 14:08:04+00:00;EMPLOYEE;declaration 111478;declaration 111478;budget 86566;UNKNOWN;0.0;2018-09-03 14:08:04+00:00;2018;2018;Declaration SUBMITTED by EMPLOYEE;1
st_step 111479_0;STAFF MEMBER;Declaration APPROVED by ADMINISTRATION;2018-09-03 14:20:15+00:00;ADMINISTRATION;declaration 111478;declaration 111478;budget 86566;UNKNOWN;0.0;2018-09-03 14:20:15+00:00;2018;2018;Declaration APPROVED by ADMINISTRATION;1
st_step 111480_0;STAFF MEMBER;Declaration REJECTED by SUPERVISOR;2018-09-03 16:03:11+00:00;SUPERVISOR;declaration 111478;declaration 111478;budget 86566;UNKNOWN;0.0;2018-09-03 16:03:11+00:00;2018;2018;Declaration REJECTED by SUPERVISOR;1
st_step 111482_0;STAFF MEMBER;Declaration REJECTED by EMPLOYEE;2018-09-04 15:52:54+00:00;EMPLOYEE;declaration 111478;declaration 111478;budget 86566;UNKNOWN;0.0;2018-09-04 15:52:54+00:00;2018;2018;Declaration REJECTED by EMPLOYEE;1
st_step 128598_0;STAFF MEMBER;Declaration SUBMITTED by EMPLOYEE;2018-09-03 15:10:55+00:00;EMPLOYEE;declaration 128596;declaration 128596;budget 86566;UNKNOWN;0.0;2018-09-03 15:10:55+00:00;2018;2018;Declaration SUBMITTED by EMPLOYEE;1
st_step 128600_0;STAFF MEMBER;Declaration APPROVED by ADMINISTRATION;2018-09-03 15:13:35+00:00;ADMINISTRATION;declaration 128596;declaration 128596;budget 86566;UNKNOWN;0.0;2018-09-03 15:13:35+00:00;2018;2018;Declaration APPROVED by ADMINISTRATION;1
st_step 128597_0;STAFF MEMBER;Declaration REJECTED by SUPERVISOR;2018-09-05 11:17:00+00:00;SUPERVISOR;declaration 128596;declaration 128596;budget 86566;UNKNOWN;0.0;2018-09-05 11:17:00+00:00;2018;2018;Declaration REJECTED by SUPERVISOR;1
st_step 128599_0;STAFF MEMBER;Declaration REJECTED by EMPLOYEE;2018-09-14 11:48:09+00:00;EMPLOYEE;declaration 128596;declaration 128596;budget 86566;UNKNOWN;0.0;2018-09-14 11:48:09+00:00;2018;2018;Declaration REJECTED by EMPLOYEE;1
st_step 128603_0;STAFF MEMBER;Declaration SUBMITTED by EMPLOYEE;2018-09-03 15:15:31+00:00;EMPLOYEE;declaration 128601;declaration 128601;budget 86566;UNKNOWN;0.0;2018-09-03 15:15:31+00:00;2018;2018;Declaration SUBMITTED by EMPLOYEE;1
st_step 128602_0;STAFF MEMBER;Declaration APPROVED by ADMINISTRATION;2018-09-03 15:15:36+00:00;ADMINISTRATION;declaration 128601;declaration 128601;budget 86566;UNKNOWN;0.0;2018-09-03 15:15:36+00:00;2018;2018;Declaration APPROVED by ADMINISTRATION;1
st_step 128604_0;STAFF MEMBER;Declaration REJECTED by SUPERVISOR;2018-09-05 11:17:23+00:00;SUPERVISOR;declaration 128601;declaration 128601;budget 86566;UNKNOWN;0.0;2018-09-05 11:17:23+00:00;2018;2018;Declaration REJECTED by SUPERVISOR;1
st_step 128605_0;STAFF MEMBER;Declaration REJECTED by EMPLOYEE;2018-09-14 11:47:47+00:00;EMPLOYEE;declaration 128601;declaration 128601;budget 86566;UNKNOWN;0.0;2018-09-14 11:47:47+00:00;2018;2018;Declaration REJECTED by EMPLOYEE;1
st_step 114236_0;STAFF MEMBER;Declaration SUBMITTED by EMPLOYEE;2018-09-07 16:58:28+00:00;EMPLOYEE;declaration 114234;declaration 114234;budget 86566;UNKNOWN;0.0;2018-09-07 16:58:28+00:00;2018;2018;Declaration SUBMITTED by EMPLOYEE;1
st_step 114235_0;STAFF MEMBER;Declaration APPROVED by ADMINISTRATION;2018-09-07 16:58:31+00:00;ADMINISTRATION;declaration 114234;declaration 114234;budget 86566;UNKNOWN;0.0;2018-09-07 16:58:31+00:00;2018;2018;Declaration APPROVED by ADMINISTRATION;1
st_step 114238_0;STAFF MEMBER;Declaration REJECTED by SUPERVISOR;2018-09-10 16:38:53+00:00;SUPERVISOR;declaration 114234;declaration 114234;budget 86566;UNKNOWN;0.0;2018-09-10 16:38:53+00:00;2018;2018;Declaration REJECTED by SUPERVISOR;1
st_step 114237_0;STAFF MEMBER;Declaration REJECTED by EMPLOYEE;2018-09-11 09:24:32+00:00;EMPLOYEE;declaration 114234;declaration 114234;budget 86566;UNKNOWN;0.0;2018-09-11 09:24:32+00:00;2018;2018;Declaration REJECTED by EMPLOYEE;1
st_step 114279_0;STAFF MEMBER;Declaration SUBMITTED by EMPLOYEE;2018-09-11 09:28:16+00:00;EMPLOYEE;declaration 114274;declaration 114274;budget 86566;UNKNOWN;0.0;2018-09-11 09:28:16+00:00;2018;2018;Declaration SUBMITTED by EMPLOYEE;1
st_step 114278_0;STAFF MEMBER;Declaration APPROVED by ADMINISTRATION;2018-09-11 09:28:22+00:00;ADMINISTRATION;declaration 114274;declaration 114274;budget 86566;UNKNOWN;0.0;2018-09-11 09:28:22+00:00;2018;2018;Declaration APPROVED by ADMINISTRATION;1
st_step 114280_0;STAFF MEMBER;Declaration REJECTED by SUPERVISOR;2018-09-13 11:59:00+00:00;SUPERVISOR;declaration 114274;declaration 114274;budget 86566;UNKNOWN;0.0;2018-09-13 11:59:00+00:00;2018;2018;Declaration REJECTED by SUPERVISOR;1
st_step 114281_0;STAFF MEMBER;Declaration REJECTED by EMPLOYEE;2018-09-13 15:39:54+00:00;EMPLOYEE;declaration 114274;declaration 114274;budget 86566;UNKNOWN;0.0;2018-09-13 15:39:54+00:00;2018;2018;Declaration REJECTED by EMPLOYEE;1
st_step 114276_0;STAFF MEMBER;Declaration SUBMITTED by EMPLOYEE;2018-12-12 09:30:22+00:00;EMPLOYEE;declaration 114274;declaration 114274;budget 86566;UNKNOWN;0.0;2018-12-12 09:30:22+00:00;2018;2018;Declaration SUBMITTED by EMPLOYEE;1
st_step 114275_0;STAFF MEMBER;Declaration REJECTED by ADMINISTRATION;2018-12-12 09:30:33+00:00;ADMINISTRATION;declaration 114274;declaration 114274;budget 86566;UNKNOWN;0.0;2018-12-12 09:30:33+00:00;2018;2018;Declaration REJECTED by ADMINISTRATION;1
st_step 114277_0;STAFF MEMBER;Declaration REJECTED by EMPLOYEE;2018-12-12 11:07:23+00:00;EMPLOYEE;declaration 114274;declaration 114274;budget 86566;UNKNOWN;0.0;2018-12-12 11:07:23+00:00;2018;2018;Declaration REJECTED by EMPLOYEE;1
st_step 121351_0;STAFF MEMBER;Declaration SUBMITTED by EMPLOYEE;2018-09-14 11:03:15+00:00;EMPLOYEE;declaration 121349;declaration 121349;budget 86566;UNKNOWN;0.0;2018-09-14 11:03:15+00:00;2018;2018;Declaration SUBMITTED by EMPLOYEE;1
st_step 121350_0;STAFF MEMBER;Declaration APPROVED by ADMINISTRATION;2018-09-14 11:03:17+00:00;ADMINISTRATION;declaration 121349;declaration 121349;budget 86566;UNKNOWN;0.0;2018-09-14 11:03:17+00:00;2018;2018;Declaration APPROVED by ADMINISTRATION;1
st_step 121352_0;STAFF MEMBER;Declaration REJECTED by SUPERVISOR;2018-09-17 10:35:46+00:00;SUPERVISOR;declaration 121349;declaration 121349;budget 86566;UNKNOWN;0.0;2018-09-17 10:35:46+00:00;2018;2018;Declaration REJECTED by SUPERVISOR;1
st_step 121353_0;STAFF MEMBER;Declaration REJECTED by EMPLOYEE;2018-09-18 08:50:30+00:00;EMPLOYEE;declaration 121349;declaration 121349;budget 86566;UNKNOWN;0.0;2018-09-18 08:50:30+00:00;2018;2018;Declaration REJECTED by EMPLOYEE;1
st_step 111904_0;STAFF MEMBER;Declaration SUBMITTED by EMPLOYEE;2018-09-18 09:49:09+00:00;EMPLOYEE;declaration 111903;declaration 111903;budget 86566;UNKNOWN;0.0;2018-09-18 09:49:09+00:00;2018;2018;Declaration SUBMITTED by EMPLOYEE;1
st_step 111905_0;STAFF MEMBER;Declaration APPROVED by ADMINISTRATION;2018-09-18 09:49:12+00:00;ADMINISTRATION;declaration 111903;declaration 111903;budget 86566;UNKNOWN;0.0;2018-09-18 09:49:12+00:00;2018;2018;Declaration APPROVED by ADMINISTRATION;1
st_step 111906_0;STAFF MEMBER;Declaration REJECTED by SUPERVISOR;2018-09-19 10:48:01+00:00;SUPERVISOR;declaration 111903;declaration 111903;budget 86566;UNKNOWN;0.0;2018-09-19 10:48:01+00:00;2018;2018;Declaration REJECTED by SUPERVISOR;1
st_step 111907_0;STAFF MEMBER;Declaration REJECTED by EMPLOYEE;2018-09-20 08:39:17+00:00;EMPLOYEE;declaration 111903;declaration 111903;budget 86566;UNKNOWN;0.0;2018-09-20 08:39:17+00:00;2018;2018;Declaration REJECTED by EMPLOYEE;1
st_step 133679_0;STAFF MEMBER;Declaration SUBMITTED by EMPLOYEE;2018-09-22 11:34:43+00:00;EMPLOYEE;declaration 133671;declaration 133671;budget 86566;UNKNOWN;0.0;2018-09-22 11:34:43+00:00;2018;2018;Declaration SUBMITTED by EMPLOYEE;1
st_step 133678_0;STAFF MEMBER;Declaration APPROVED by ADMINISTRATION;2018-09-22 11:36:38+00:00;ADMINISTRATION;declaration 133671;declaration 133671;budget 86566;UNKNOWN;0.0;2018-09-22 11:36:38+00:00;2018;2018;Declaration APPROVED by ADMINISTRATION;1
st_step 133675_0;STAFF MEMBER;Declaration APPROVED by BUDGET OWNER;2018-09-25 10:36:04+00:00;BUDGET OWNER;declaration 133671;declaration 133671;budget 86566;UNKNOWN;0.0;2018-09-25 10:36:04+00:00;2018;2018;Declaration APPROVED by BUDGET OWNER;1
st_step 133677_0;STAFF MEMBER;Declaration REJECTED by SUPERVISOR;2018-09-27 08:17:15+00:00;SUPERVISOR;declaration 133671;declaration 133671;budget 86566;UNKNOWN;0.0;2018-09-27 08:17:15+00:00;2018;2018;Declaration REJECTED by SUPERVISOR;1
st_step 133676_0;STAFF MEMBER;Declaration REJECTED by EMPLOYEE;2018-10-18 13:46:48+00:00;EMPLOYEE;declaration 133671;declaration 133671;budget 86566;UNKNOWN;0.0;2018-10-18 13:46:48+00:00;2018;2018;Declaration REJECTED by EMPLOYEE;1
st_step 133674_0;STAFF MEMBER;Declaration SUBMITTED by EMPLOYEE;2018-12-01 20:18:20+00:00;EMPLOYEE;declaration 133671;declaration 133671;budget 86566;UNKNOWN;0.0;2018-12-01 20:18:20+00:00;2018;2018;Declaration SUBMITTED by EMPLOYEE;1
st_step 133673_0;STAFF MEMBER;Declaration REJECTED by ADMINISTRATION;2018-12-01 20:18:26+00:00;ADMINISTRATION;declaration 133671;declaration 133671;budget 86566;UNKNOWN;0.0;2018-12-01 20:18:26+00:00;2018;2018;Declaration REJECTED by ADMINISTRATION;1
st_step 133672_0;STAFF MEMBER;Declaration REJECTED by EMPLOYEE;2018-12-03 09:10:40+00:00;EMPLOYEE;declaration 133671;declaration 133671;budget 86566;UNKNOWN;0.0;2018-12-03 09:10:40+00:00;2018;2018;Declaration REJECTED by EMPLOYEE;1
st_step 133686_0;STAFF MEMBER;Declaration SUBMITTED by EMPLOYEE;2018-09-22 11:37:37+00:00;EMPLOYEE;declaration 133680;declaration 133680;budget 86566;UNKNOWN;0.0;2018-09-22 11:37:37+00:00;2018;2018;Declaration SUBMITTED by EMPLOYEE;1
st_step 133685_0;STAFF MEMBER;Declaration APPROVED by ADMINISTRATION;2018-09-22 11:39:51+00:00;ADMINISTRATION;declaration 133680;declaration 133680;budget 86566;UNKNOWN;0.0;2018-09-22 11:39:51+00:00;2018;2018;Declaration APPROVED by ADMINISTRATION;1
st_step 133684_0;STAFF MEMBER;Declaration APPROVED by BUDGET OWNER;2018-09-25 10:36:26+00:00;BUDGET OWNER;declaration 133680;declaration 133680;budget 86566;UNKNOWN;0.0;2018-09-25 10:36:26+00:00;2018;2018;Declaration APPROVED by BUDGET OWNER;1
st_step 133688_0;STAFF MEMBER;Declaration REJECTED by SUPERVISOR;2018-09-27 08:17:15+00:00;SUPERVISOR;declaration 133680;declaration 133680;budget 86566;UNKNOWN;0.0;2018-09-27 08:17:15+00:00;2018;2018;Declaration REJECTED by SUPERVISOR;1
st_step 133687_0;STAFF MEMBER;Declaration REJECTED by EMPLOYEE;2018-10-18 13:47:11+00:00;EMPLOYEE;declaration 133680;declaration 133680;budget 86566;UNKNOWN;0.0;2018-10-18 13:47:11+00:00;2018;2018;Declaration REJECTED by EMPLOYEE;1
st_step 133683_0;STAFF MEMBER;Declaration SUBMITTED by EMPLOYEE;2018-12-01 20:17:54+00:00;EMPLOYEE;declaration 133680;declaration 133680;budget 86566;UNKNOWN;0.0;2018-12-01 20:17:54+00:00;2018;2018;Declaration SUBMITTED by EMPLOYEE;1
st_step 133682_0;STAFF MEMBER;Declaration REJECTED by ADMINISTRATION;2018-12-01 20:18:02+00:00;ADMINISTRATION;declaration 133680;declaration 133680;budget 86566;UNKNOWN;0.0;2018-12-01 20:18:02+00:00;2018;2018;Declaration REJECTED by ADMINISTRATION;1
st_step 133681_0;STAFF MEMBER;Declaration REJECTED by EMPLOYEE;2018-12-03 09:26:58+00:00;EMPLOYEE;declaration 133680;declaration 133680;budget 86566;UNKNOWN;0.0;2018-12-03 09:26:58+00:00;2018;2018;Declaration REJECTED by EMPLOYEE;1
st_step 133696_0;STAFF MEMBER;Declaration SUBMITTED by EMPLOYEE;2018-09-22 11:41:45+00:00;EMPLOYEE;declaration 133689;declaration 133689;budget 86566;UNKNOWN;0.0;2018-09-22 11:41:45+00:00;2018;2018;Declaration SUBMITTED by EMPLOYEE;1
st_step 133694_0;STAFF MEMBER;Declaration APPROVED by ADMINISTRATION;2018-09-22 11:43:10+00:00;ADMINISTRATION;declaration 133689;declaration 133689;budget 86566;UNKNOWN;0.0;2018-09-22 11:43:10+00:00;2018;2018;Declaration APPROVED by ADMINISTRATION;1
st_step 133693_0;STAFF MEMBER;Declaration APPROVED by BUDGET OWNER;2018-09-25 10:37:03+00:00;BUDGET OWNER;declaration 133689;declaration 133689;budget 86566;UNKNOWN;0.0;2018-09-25 10:37:03+00:00;2018;2018;Declaration APPROVED by BUDGET OWNER;1
st_step 133695_0;STAFF MEMBER;Declaration REJECTED by SUPERVISOR;2018-09-27 08:17:15+00:00;SUPERVISOR;declaration 133689;declaration 133689;budget 86566;UNKNOWN;0.0;2018-09-27 08:17:15+00:00;2018;2018;Declaration REJECTED by SUPERVISOR;1
st_step 133697_0;STAFF MEMBER;Declaration REJECTED by EMPLOYEE;2018-10-18 13:47:00+00:00;EMPLOYEE;declaration 133689;declaration 133689;budget 86566;UNKNOWN;0.0;2018-10-18 13:47:00+00:00;2018;2018;Declaration REJECTED by EMPLOYEE;1
st_step 133692_0;STAFF MEMBER;Declaration SUBMITTED by EMPLOYEE;2018-12-01 20:11:03+00:00;EMPLOYEE;declaration 133689;declaration 133689;budget 86566;UNKNOWN;0.0;2018-12-01 20:11:03+00:00;2018;2018;Declaration SUBMITTED by EMPLOYEE;1
st_step 133691_0;STAFF MEMBER;Declaration REJECTED by ADMINISTRATION;2018-12-01 20:16:06+00:00;ADMINISTRATION;declaration 133689;declaration 133689;budget 86566;UNKNOWN;0.0;2018-12-01 20:16:06+00:00;2018;2018;Declaration REJECTED by ADMINISTRATION;1
st_step 133690_0;STAFF MEMBER;Declaration REJECTED by EMPLOYEE;2018-12-03 09:27:53+00:00;EMPLOYEE;declaration 133689;declaration 133689;budget 86566;UNKNOWN;0.0;2018-12-03 09:27:53+00:00;2018;2018;Declaration REJECTED by EMPLOYEE;1
st_step 137231_0;STAFF MEMBER;Declaration SUBMITTED by EMPLOYEE;2018-10-01 12:25:06+00:00;EMPLOYEE;declaration 137229;declaration 137229;budget 86566;UNKNOWN;0.0;2018-10-01 12:25:06+00:00;2018;2018;Declaration SUBMITTED by EMPLOYEE;1
st_step 137232_0;STAFF MEMBER;Declaration APPROVED by ADMINISTRATION;2018-10-01 12:25:10+00:00;ADMINISTRATION;declaration 137229;declaration 137229;budget 86566;UNKNOWN;0.0;2018-10-01 12:25:10+00:00;2018;2018;Declaration APPROVED by ADMINISTRATION;1
st_step 137230_0;STAFF MEMBER;Declaration REJECTED by SUPERVISOR;2018-10-03 08:13:03+00:00;SUPERVISOR;declaration 137229;declaration 137229;budget 86566;UNKNOWN;0.0;2018-10-03 08:13:03+00:00;2018;2018;Declaration REJECTED by SUPERVISOR;1
st_step 137233_0;STAFF MEMBER;Declaration REJECTED by EMPLOYEE;2018-10-25 14:36:46+00:00;EMPLOYEE;declaration 137229;declaration 137229;budget 86566;UNKNOWN;0.0;2018-10-25 14:36:46+00:00;2018;2018;Declaration REJECTED by EMPLOYEE;1
st_step 137238_0;STAFF MEMBER;Declaration SUBMITTED by EMPLOYEE;2018-10-01 12:27:43+00:00;EMPLOYEE;declaration 137234;declaration 137234;budget 86566;UNKNOWN;0.0;2018-10-01 12:27:43+00:00;2018;2018;Declaration SUBMITTED by EMPLOYEE;1
st_step 137235_0;STAFF MEMBER;Declaration APPROVED by ADMINISTRATION;2018-10-01 12:27:46+00:00;ADMINISTRATION;declaration 137234;declaration 137234;budget 86566;UNKNOWN;0.0;2018-10-01 12:27:46+00:00;2018;2018;Declaration APPROVED by ADMINISTRATION;1
st_step 137237_0;STAFF MEMBER;Declaration REJECTED by SUPERVISOR;2018-10-03 08:13:25+00:00;SUPERVISOR;declaration 137234;declaration 137234;budget 86566;UNKNOWN;0.0;2018-10-03 08:13:25+00:00;2018;2018;Declaration REJECTED by SUPERVISOR;1
st_step 137236_0;STAFF MEMBER;Declaration REJECTED by EMPLOYEE;2018-10-25 14:49:45+00:00;EMPLOYEE;declaration 137234;declaration 137234;budget 86566;UNKNOWN;0.0;2018-10-25 14:49:45+00:00;2018;2018;Declaration REJECTED by EMPLOYEE;1
st_step 139483_0;STAFF MEMBER;Declaration SUBMITTED by EMPLOYEE;2018-10-05 09:16:08+00:00;EMPLOYEE;declaration 139480;declaration 139480;budget 86566;UNKNOWN;0.0;2018-10-05 09:16:08+00:00;2018;2018;Declaration SUBMITTED by EMPLOYEE;1
st_step 139484_0;STAFF MEMBER;Declaration APPROVED by ADMINISTRATION;2018-10-05 09:17:49+00:00;ADMINISTRATION;declaration 139480;declaration 139480;budget 86566;UNKNOWN;0.0;2018-10-05 09:17:49+00:00;2018;2018;Declaration APPROVED by ADMINISTRATION;1
st_step 139481_0;STAFF MEMBER;Declaration REJECTED by SUPERVISOR;2018-10-05 13:57:59+00:00;SUPERVISOR;declaration 139480;declaration 139480;budget 86566;UNKNOWN;0.0;2018-10-05 13:57:59+00:00;2018;2018;Declaration REJECTED by SUPERVISOR;1
st_step 139482_0;STAFF MEMBER;Declaration REJECTED by EMPLOYEE;2018-10-07 15:12:46+00:00;EMPLOYEE;declaration 139480;declaration 139480;budget 86566;UNKNOWN;0.0;2018-10-07 15:12:46+00:00;2018;2018;Declaration REJECTED by EMPLOYEE;1
st_step 142884_0;STAFF MEMBER;Declaration SUBMITTED by EMPLOYEE;2018-10-08 10:16:13+00:00;EMPLOYEE;declaration 142881;declaration 142881;budget 86566;UNKNOWN;0.0;2018-10-08 10:16:13+00:00;2018;2018;Declaration SUBMITTED by EMPLOYEE;1
st_step 142885_0;STAFF MEMBER;Declaration APPROVED by ADMINISTRATION;2018-10-08 10:16:16+00:00;ADMINISTRATION;declaration 142881;declaration 142881;budget 86566;UNKNOWN;0.0;2018-10-08 10:16:16+00:00;2018;2018;Declaration APPROVED by ADMINISTRATION;1
st_step 142882_0;STAFF MEMBER;Declaration REJECTED by SUPERVISOR;2018-10-08 13:31:40+00:00;SUPERVISOR;declaration 142881;declaration 142881;budget 86566;UNKNOWN;0.0;2018-10-08 13:31:40+00:00;2018;2018;Declaration REJECTED by SUPERVISOR;1
st_step 142883_0;STAFF MEMBER;Declaration REJECTED by EMPLOYEE;2018-10-09 13:31:01+00:00;EMPLOYEE;declaration 142881;declaration 142881;budget 86566;UNKNOWN;0.0;2018-10-09 13:31:01+00:00;2018;2018;Declaration REJECTED by EMPLOYEE;1
st_step 142001_0;STAFF MEMBER;Declaration SUBMITTED by EMPLOYEE;2018-10-08 14:57:28+00:00;EMPLOYEE;declaration 141999;declaration 141999;budget 86566;UNKNOWN;0.0;2018-10-08 14:57:28+00:00;2018;2018;Declaration SUBMITTED by EMPLOYEE;1
st_step 142002_0;STAFF MEMBER;Declaration APPROVED by ADMINISTRATION;2018-10-08 15:24:38+00:00;ADMINISTRATION;declaration 141999;declaration 141999;budget 86566;UNKNOWN;0.0;2018-10-08 15:24:38+00:00;2018;2018;Declaration APPROVED by ADMINISTRATION;1
st_step 142000_0;STAFF MEMBER;Declaration REJECTED by BUDGET OWNER;2018-10-08 15:53:11+00:00;BUDGET OWNER;declaration 141999;declaration 141999;budget 86566;UNKNOWN;0.0;2018-10-08 15:53:11+00:00;2018;2018;Declaration REJECTED by BUDGET OWNER;1
st_step 142003_0;STAFF MEMBER;Declaration REJECTED by EMPLOYEE;2018-10-09 16:32:46+00:00;EMPLOYEE;declaration 141999;declaration 141999;budget 86566;UNKNOWN;0.0;2018-10-09 16:32:46+00:00;2018;2018;Declaration REJECTED by EMPLOYEE;1
st_step 130113_0;STAFF MEMBER;Declaration SUBMITTED by EMPLOYEE;2018-10-17 10:39:36+00:00;EMPLOYEE;declaration 130110;declaration 130110;budget 86566;UNKNOWN;0.0;2018-10-17 10:39:36+00:00;2018;2018;Declaration SUBMITTED by EMPLOYEE;1
st_step 130114_0;STAFF MEMBER;Declaration APPROVED by ADMINISTRATION;2018-10-17 10:39:47+00:00;ADMINISTRATION;declaration 130110;declaration 130110;budget 86566;UNKNOWN;0.0;2018-10-17 10:39:47+00:00;2018;2018;Declaration APPROVED by ADMINISTRATION;1
st_step 130112_0;STAFF MEMBER;Declaration REJECTED by SUPERVISOR;2018-10-18 07:56:38+00:00;SUPERVISOR;declaration 130110;declaration 130110;budget 86566;UNKNOWN;0.0;2018-10-18 07:56:38+00:00;2018;2018;Declaration REJECTED by SUPERVISOR;1
st_step 130111_0;STAFF MEMBER;Declaration REJECTED by EMPLOYEE;2018-10-18 15:43:16+00:00;EMPLOYEE;declaration 130110;declaration 130110;budget 86566;UNKNOWN;0.0;2018-10-18 15:43:16+00:00;2018;2018;Declaration REJECTED by EMPLOYEE;1
st_step 134133_0;STAFF MEMBER;Declaration SUBMITTED by EMPLOYEE;2018-10-22 07:37:53+00:00;EMPLOYEE;declaration 134130;declaration 134130;budget 86566;UNKNOWN;0.0;2018-10-22 07:37:53+00:00;2018;2018;Declaration SUBMITTED by EMPLOYEE;1
st_step 134131_0;STAFF MEMBER;Declaration APPROVED by ADMINISTRATION;2018-10-22 09:58:45+00:00;ADMINISTRATION;declaration 134130;declaration 134130;budget 86566;UNKNOWN;0.0;2018-10-22 09:58:45+00:00;2018;2018;Declaration APPROVED by ADMINISTRATION;1
st_step 134134_0;STAFF MEMBER;Declaration REJECTED by SUPERVISOR;2018-10-23 09:47:04+00:00;SUPERVISOR;declaration 134130;declaration 134130;budget 86566;UNKNOWN;0.0;2018-10-23 09:47:04+00:00;2018;2018;Declaration REJECTED by SUPERVISOR;1
st_step 134132_0;STAFF MEMBER;Declaration REJECTED by EMPLOYEE;2018-11-02 15:49:45+00:00;EMPLOYEE;declaration 134130;declaration 134130;budget 86566;UNKNOWN;0.0;2018-11-02 15:49:45+00:00;2018;2018;Declaration REJECTED by EMPLOYEE;1
st_step 139162_0;STAFF MEMBER;Declaration SUBMITTED by EMPLOYEE;2018-11-09 09:52:17+00:00;EMPLOYEE;declaration 139159;declaration 139159;budget 86566;UNKNOWN;0.0;2018-11-09 09:52:17+00:00;2018;2018;Declaration SUBMITTED by EMPLOYEE;1
st_step 139163_0;STAFF MEMBER;Declaration APPROVED by ADMINISTRATION;2018-11-09 09:52:25+00:00;ADMINISTRATION;declaration 139159;declaration 139159;budget 86566;UNKNOWN;0.0;2018-11-09 09:52:25+00:00;2018;2018;Declaration APPROVED by ADMINISTRATION;1
st_step 139161_0;STAFF MEMBER;Declaration REJECTED by SUPERVISOR;2018-11-12 09:01:45+00:00;SUPERVISOR;declaration 139159;declaration 139159;budget 86566;UNKNOWN;0.0;2018-11-12 09:01:45+00:00;2018;2018;Declaration REJECTED by SUPERVISOR;1
st_step 139160_0;STAFF MEMBER;Declaration REJECTED by EMPLOYEE;2018-11-13 09:10:18+00:00;EMPLOYEE;declaration 139159;declaration 139159;budget 86566;UNKNOWN;0.0;2018-11-13 09:10:18+00:00;2018;2018;Declaration REJECTED by EMPLOYEE;1
st_step 135404_0;STAFF MEMBER;Declaration SUBMITTED by EMPLOYEE;2018-11-19 09:10:57+00:00;EMPLOYEE;declaration 135401;declaration 135401;budget 86566;UNKNOWN;0.0;2018-11-19 09:10:57+00:00;2018;2018;Declaration SUBMITTED by EMPLOYEE;1
st_step 135403_0;STAFF MEMBER;Declaration APPROVED by ADMINISTRATION;2018-11-19 09:12:58+00:00;ADMINISTRATION;declaration 135401;declaration 135401;budget 86566;UNKNOWN;0.0;2018-11-19 09:12:58+00:00;2018;2018;Declaration APPROVED by ADMINISTRATION;1
st_step 135402_0;STAFF MEMBER;Declaration REJECTED by BUDGET OWNER;2018-11-20 08:28:35+00:00;BUDGET OWNER;declaration 135401;declaration 135401;budget 86566;UNKNOWN;0.0;2018-11-20 08:28:35+00:00;2018;2018;Declaration REJECTED by BUDGET OWNER;1
st_step 135405_0;STAFF MEMBER;Declaration REJECTED by EMPLOYEE;2018-11-26 17:21:39+00:00;EMPLOYEE;declaration 135401;declaration 135401;budget 86566;UNKNOWN;0.0;2018-11-26 17:21:39+00:00;2018;2018;Declaration REJECTED by EMPLOYEE;1
st_step 142984_0;STAFF MEMBER;Declaration SUBMITTED by EMPLOYEE;2018-12-18 11:58:53+00:00;EMPLOYEE;declaration 142979;declaration 142979;budget 86566;declaration number 142980;24.43334525884557;2018-12-18 11:58:53+00:00;2018;2018;Declaration SUBMITTED by EMPLOYEE;1
st_step 142985_0;STAFF MEMBER;Declaration REJECTED by ADMINISTRATION;2018-12-18 12:19:36+00:00;ADMINISTRATION;declaration 142979;declaration 142979;budget 86566;declaration number 142980;24.43334525884557;2018-12-18 12:19:36+00:00;2018;2018;Declaration REJECTED by ADMINISTRATION;1
st_step 142986_0;STAFF MEMBER;Declaration REJECTED by EMPLOYEE;2018-12-19 10:31:27+00:00;EMPLOYEE;declaration 142979;declaration 142979;budget 86566;declaration number 142980;24.43334525884557;2018-12-19 10:31:27+00:00;2018;2018;Declaration REJECTED by EMPLOYEE;1
st_step 142982_0;STAFF MEMBER;Declaration SUBMITTED by EMPLOYEE;2018-12-20 14:06:24+00:00;EMPLOYEE;declaration 142979;declaration 142979;budget 86566;declaration number 142980;24.43334525884557;2018-12-20 14:06:24+00:00;2018;2018;Declaration SUBMITTED by EMPLOYEE;1
st_step 142983_0;STAFF MEMBER;Declaration APPROVED by ADMINISTRATION;2018-12-20 14:06:45+00:00;ADMINISTRATION;declaration 142979;declaration 142979;budget 86566;declaration number 142980;24.43334525884557;2018-12-20 14:06:45+00:00;2018;2018;Declaration APPROVED by ADMINISTRATION;1
st_step 142981_0;STAFF MEMBER;Declaration REJECTED by SUPERVISOR;2018-12-20 14:25:24+00:00;SUPERVISOR;declaration 142979;declaration 142979;budget 86566;declaration number 142980;24.43334525884557;2018-12-20 14:25:24+00:00;2018;2018;Declaration REJECTED by SUPERVISOR;1
